code_finess,nom,adresse,code_postal,ville,statut,niveau,nombre_daccouchements_uniques,nombre_daccouchements_multiples,nombre_daccouchements_dans_letablissement,taux_de_cesarienne_sur_les_accouchements_dans_letablissement,taux_peridurale_avb,taux_depisotomie_avb,taux_episiotomie_primipares,taux_episiotomie_multipares
920300787,Hôpital américain,63 BOULEVARD VICTOR HUGO,92202,Neuilly-sur-Seine,Prive,1,728,12,739,0.512,0.958,0.277,0.38,0.20
750300840,Clinique de La Muette,46 RUE NICOLO,75116,Paris,Prive,1,1254,9,"1,262",0.435,0.968,0.351,0.56,0.20
780300323,Clinique des Franciscaines,7 RUE PORTE DE BUC,78009,Versailles,Prive,2A,1656,11,"1,667",0.376,0.876,0.249,0.42,0.15
450010079,Polyclinique Longues Allées,553 AVENUE JACQUELINE AURIOL,45770,Saran,Prive,2A,517,1,517,0.319,0.804,,,
950807982,Clinique Claude-Bernard,9 AVENUE LOUIS ARMAND,95124,Ermont,Prive,2A,2158,28,"2,180",0.315,0.915,0.326,0.51,0.22
920300415,Clinique Lambert,67 AVENUE FOCH,92250,La Garenne-Colombes,Prive,1,650,6,655,0.315,0.920,,,
780300406,Centre médico-chirurgical de Parly II,21 RUE MOXOURIS,78150,Le Chesnay,Prive,2A,1173,13,"1,182",0.300,0.866,0.294,0.39,0.19
60780756,Clinique Santa Maria,57 AVENUE DE LA CALIFORNIE,6200,Nice,Prive,2A,2293,42,"2,333",0.297,,,,
190000257,Clinique Saint-Germain Brive,12 BOULEVARD PAINLEVE,19316,Brive-la-Gaillarde,Prive,1,648,7,655,0.295,0.903,0.284,0.40,0.19
750100208,Hôpital Necker enfants malades,149 RUE DE SEVRES,75743,Paris,Public,3,2979,228,"3,206",0.293,0.831,0.241,0.39,0.09
910805357,Clinique de l'Essonne,BOULEVARD DES CHAMPS ELYSEES,91024,Evry,Prive,1,748,1,748,0.293,0.796,0.336,0.56,0.20
620100735,Polyclinique de l'Artois,100 RUE EMILE BASLY,62404,Bethune,Prive,1,770,7,777,0.292,0.924,0.031,0.05,0.02
930300553,Clinique de l'Estrée,35 RUE D AMIENS,93245,Stains,Prive,2A,1701,23,"1,718",0.290,0.824,0.104,0.21,0.06
20010047,Polyclinique Saint-Claude,1 BOULEVARD DU DOCTEUR SCHWEITZER,2109,Saint-Quentin,Prive,1,574,7,581,0.289,0.719,0.356,0.53,0.24
2B0000145,Polyclinique La Résidence Maymard,ROUTE USINE A GAZ,20200,Bastia,Prive,1,594,7,601,0.288,,,,
590813507,Polyclinique Val de Sambre,162 ROUTE DE MONS,59600,Maubeuge,Prive,1,872,7,877,0.287,,,,
690022959,Hôpital privé mère-enfant Natécia,22 AVENUE ROCKEFELLER,69008,Lyon,Prive,2A,3639,55,"3,691",0.286,0.935,0.274,0.43,0.17
950300202,Clinique Conti,3 CHEMIN DES TROIS SOURCES,95290,L'Isle-Adam,Prive,1,804,1,805,0.284,0.885,0.375,0.57,0.23
910300144,Centre médico-chirurgical et obstétrical Claude-Bernard,2 AVENUE DE MOUSSEAU,91035,Evry,Prive,1,673,7,676,0.281,0.866,0.245,0.45,0.12
930300025,Hôpital européen La Roseraie,120 AVENUE DE LA REPUBLIQUE,93308,Aubervilliers,Prive,2A,866,15,874,0.280,,,,
110780228,Polyclinique Le Languedoc,12 AVENUE DE LA COTE DES ROSES,11108,Narbonne,Prive,1,569,8,575,0.280,,,,
930300595,Clinique du Vert-Galant,38 RUE DE FLANDRE,93290,Tremblay-en-France,Prive,1,622,0,620,0.277,0.850,0.324,0.55,0.19
20001061,Centre hospitalier Château-Thierry,ROUTE DE VERDILLY,2400,Château-Thierry,Public,2A,602,8,608,0.276,0.795,0.186,0.42,0.06
780000311,Centre hospitalier intercommunal Poissy - Saint-Germain (site de Poissy),10 RUE DU CHAMP GAILLARD,78303,Poissy,Public,3,4157,136,"4,277",0.276,0.808,0.218,0.37,0.10
780300422,Hôpital privé Ouest,14 AVENUE CASTIGLIONE DEL LAGO,78190,Trappes,Prive,2A,872,13,877,0.273,0.815,0.102,0.24,0.06
680020088,Nouvelle Clinique des Trois Frontières,8 RUE SAINT DAMIEN,68300,Saint-Louis,Prive,1,325,1,326,0.273,0.599,,,
910000298,Centre hospitalier des Deux Vallées (site Longjumeau),159 RUE DU PDT FRANCOIS MITTERRAND,91160,Longjumeau,Public,2B,2114,39,"2,134",0.270,0.751,0.180,0.37,0.08
750300667,Maternité Sainte-Félicité,6 RUE CASABLANCA,75015,Paris,Prive,2A,2523,34,"2,557",0.269,0.973,0.225,0.33,0.14
880788591,Polyclinique La Ligne bleue,9 AVENUE DU ROSE POIRIER,88060,Epinal,Prive,1,1116,10,"1,123",0.266,0.811,0.189,0.32,0.10
740014345,Hôpital privé du Pays de Savoie,19 AVENUE PIERRE MENDÈS FRANCE,74100,Annemasse,Prive,1,1223,11,"1,228",0.265,0.735,0.144,0.21,0.08
340780717,Clinique Saint-Louis,13 PLACE JOSEPH BOUDOURESQUES,34190,Ganges,Prive,1,281,3,282,0.262,0.837,0.240,0.42,0.11
610000044,Centre hospitalier de L'Aigle,10 RUE DU DOCTEUR FRINAULT,61305,L'Aigle,Public,1,394,6,398,0.261,0.745,0.207,0.39,0.13
130783236,Assistance publique-hôpitaux de Marseille hôpital La Conception,147 BOULEVARD BAILLE,13005,Marseille,Public,3,2665,92,"2,734",0.260,,,,
2A0000154,Clinique du sud de la Corse,RUE DU DOCTEUR JOURDAN,20538,Porto-Vecchio,Prive,1,209,0,208,0.260,,,,
330782582,Polyclinique Jean-Villar,56 AVENUE MARYSE BASTIE,33523,Bruges,Prive,1,966,16,980,0.259,0.946,0.022,0.04,0.01
300000023,Centre hospitalier Alès Cévennes,811 AVENUE DR JEAN GOUBERT,30103,Alès,Public,2A,1278,14,"1,286",0.257,0.807,0.097,0.18,0.05
620118513,Centre médico-chirurgical et obstétrical Côte d'Opale,ROUTE DE DESVRES,62280,Saint-Martin-Boulogne,Prive,1,998,3,998,0.257,0.864,0.146,0.25,0.08
310781505,Clinique d'Occitanie,20 AVENUE BERNARD IV,31605,Muret,Prive,1,544,3,545,0.257,0.849,,,
750300931,Clinique Sainte-Thérèse,9 RUE GUSTAVE DORE,75017,Paris,Prive,1,1354,8,"1,361",0.256,0.939,0.230,0.34,0.14
80000110,Centre hospitalier de Sedan,2 AVENUE GENERAL MARGUERITTE,8209,Sedan,Public,2A,667,7,671,0.256,0.840,0.331,0.55,0.19
450000047,Centre hospitalier Pierre Dezarnaulds de Gien,2 AVENUE JEAN VILLEJEAN,45503,Gien,Public,1,678,10,683,0.256,0.797,,,
40000911,Centre hospitalier de Digne-les-Bains,QUARTIER SAINT CHRISTOPHE,4003,Digne-les-Bains,Public,1,382,4,386,0.256,,,,
730000262,Centre hospitalier d'Albertville,253 RUE PIERRE DE COUBERTIN,73208,Albertville,Public,2A,913,12,923,0.255,0.488,0.100,0.17,0.05
940300551,Hôpital privé de Vitry (site Noriets),12 RUE DES NORIETS,94408,Vitry-sur-Seine,Prive,2A,1442,11,"1,448",0.254,0.873,0.180,0.37,0.07
570000117,Centre hospitalier Saint-Nicolas de Sarrebourg,25 AVENUE DU GENERAL DE GAULLE,57402,Sarrebourg,Public,1,359,4,362,0.254,0.567,0.181,0.34,0.08
150000032,Centre hospitalier de Saint-Flour,AVENUE DOCTEUR MALLET,15102,Saint-Flour,Public,1,302,1,302,0.252,0.690,0.181,0.29,0.10
290000256,Centre hospitalier régional universitaire Brest (site hôpital de Carhaix),RUE DR MENGUY,29835,Carhaix-Plouguer,Public,1,241,1,242,0.252,0.807,0.215,0.33,0.14
130784713,Clinique Beauregard,12 IMPASSE DU LIDO,13012,Marseille,Prive,2A,2236,20,"2,246",0.252,,,,
280000662,Centre hospitalier Châteaudun,ROUTE JALLANS,28205,Châteaudun,Public,1,428,3,427,0.251,0.606,0.147,0.32,0.06
750100166,Hôpital Cochin (Saint-Vincent-de-Paul),27 RUE DU FAUBOURG SAINT JACQUES,75679,Paris,Public,3,5053,226,"5,271",0.250,0.886,0.184,0.28,0.08
300782117,Centre hospitalier universitaire Nîmes Carémeau,PLACE DU PROFESSEUR ROBERT DEBRE,30029,Nîmes,Public,3,2235,84,"2,307",0.250,0.869,0.201,0.37,0.08
590782298,Clinique du Parc,62 RUE HENRI BARBUSSE,59880,Saint-Saulve,Prive,1,778,3,780,0.249,0.872,0.116,0.19,0.06
680000320,Clinique Diaconat Fonderie,1 RUE SAINT-SAUVEUR,68054,Mulhouse,Prive,2A,1800,26,"1,824",0.248,0.716,0.244,0.40,0.13
770000446,Centre hospitalier de Meaux (site Saint-Faron),6 RUE SAINT FIACRE,77100,Meaux,Public,3,2949,69,"3,006",0.248,0.860,0.251,0.44,0.12
280000084,Centre hospitalier Dreux,44 AVENUE PRESIDENT JOHN-FIT- KENNEDY,28102,Dreux,Public,2A,1622,19,"1,630",0.247,0.792,0.184,0.35,0.10
780300208,Clinique Saint-Louis,1 RUE BASSET,78300,Poissy,Prive,1,786,5,791,0.247,0.914,,,
590052056,Clinique Sainte-Marie,22 RUE WATTEAU,59400,Cambrai,Public,2A,729,16,745,0.246,0.806,0.249,0.51,0.09
950300277,Hôpital privé Nord Parisien,3 BOULEVARD DE LATTRE DE TASSIGNY,95200,Sarcelles,Prive,2A,1631,16,"1,640",0.246,0.846,0.250,0.51,0.14
60780715,Clinique Saint-George,2 AVENUE DE RIMIEZ,6105,Nice,Prive,1,1556,21,"1,572",0.246,,,,
590813382,Nouvelle Clinique Villette,18 RUE PARMENTIER,59941,Dunkerque,Prive,1,1321,17,"1,337",0.245,0.960,0.208,0.34,0.11
70780424,Clinique Pasteur,294 BOULEVARD GENERAL DE GAULLE,7500,Guilherand-Granges,Prive,1,1004,12,"1,013",0.245,0.749,0.339,0.57,0.18
760000364,Centre hospitalier intercommunal du Pays des Hautes Falaises ,AVENUE PDT FRANCOIS MITTERRAND,76405,Fécamp,Public,1,598,1,596,0.245,0.813,0.396,0.62,0.24
130783327,Clinique Bouchard,77 RUE DU DOCTEUR ESCAT,13006,Marseille,Prive,2A,1802,33,"1,830",0.245,,,,
70000609,Centre hospitalier d'Aubenas,14 AVENUE DE BELLANDE,7205,Aubenas,Public,2A,635,9,639,0.244,0.683,0.176,0.30,0.10
380785956,Clinique des Cèdres,21 RUE ALBERT LONDRES,38130,Echirolles,Prive,1,1116,8,"1,122",0.244,0.912,0.233,0.38,0.14
910001973,Centre hospitalier Dourdan-Etampes (site Etampes),26 AVENUE CHARLES DE GAULLE,91152,Etampes,Public,2A,1090,15,"1,100",0.243,0.690,0.258,0.45,0.14
780018727,Clinique Saint-Germain,12 RUE BARONNE GERARD,78100,Saint-Germain-en-Laye,Prive,1,889,8,892,0.243,0.899,0.339,0.58,0.19
140024886,Centre hospitalier de Bayeux,13 RUE DE NESMOND,14400,Bayeux,Public,1,472,8,478,0.243,0.660,,,
690807367,Polyclinique du Beaujolais,120 ANCIENNE ROUTE DE BEAUJEU,69400,Arnas,Prive,1,876,12,887,0.242,0.850,0.183,0.28,0.14
650000417,Centre hospitalier de Bigorre,BOULEVARD DE LATTRE DE TASSIGNY,65013,Tarbes,Public,2B,976,18,986,0.242,0.636,0.257,0.40,0.15
840000285,Polyclinique Urbain V,47 CHEMIN DU PONT DES DEUX EAUX,84000,Avignon,Prive,2A,1326,26,"1,350",0.242,,,,
310009279,Centre hospitalier Comminges Pyrénées,21 BOULEVARD D'ENCORE,31800,Saint-Gaudens,Public,1,451,2,449,0.241,0.798,0.235,0.44,0.11
560000127,Centre hospitalier Bretagne-Atlantique (site de Vannes),20 BOULEVARD GENERAL M GUILLAUDOT,56017,Vannes,Public,3,1896,42,"1,926",0.241,0.854,0.274,0.43,0.16
870000098,Centre hospitalier Saint-Junien,12 RUE CHATEAUBRIAND,87205,Saint-Junien,Public,1,338,5,340,0.241,0.713,0.279,0.46,0.17
510024300,Maternité Epernay,137 RUE DE L'HOPITAL,51206,Epernay,Public,1,542,6,541,0.240,0.791,0.161,0.27,0.08
690780390,Polyclinique de Rillieux,65 RUE DES CONTAMINES,69140,Rillieux-la-Pape,Prive,1,499,1,500,0.240,0.766,0.221,0.36,0.10
420011413,Centre hospitalier privé Loire,39 BOULEVARD DE LA PALLE,42100,Saint-Etienne,Prive,2A,1506,23,"1,527",0.239,0.911,0.094,0.19,0.03
750100125,Hôpital Universitaire Pitié-Salpêtrière,47 BOULEVARD DE L HOPITAL,75651,Paris,Public,2A,2163,30,"2,179",0.239,0.920,0.227,0.38,0.09
690784137,Centre hospitalier Lyon-Sud,165 CHEMIN DU GRAND REVOYET,69310,Pierre-Benite,Public,2B,2099,53,"2,140",0.239,0.862,0.242,0.40,0.11
170780613,Clinique du Mail,96 ALLEE DU MAIL,17087,La Rochelle,Prive,1,549,7,555,0.238,0.889,0.059,0.10,0.03
920100021,Centre hospitalier universitaire Paris-Sud (site Antoine-Béclère),157 RUE DE LA PTE DE TRIVAUX,92140,Clamart,Public,3,3387,147,"3,533",0.238,0.903,0.189,0.32,0.08
760000018,Centre hospitalier Dieppe,AVENUE PASTEUR,76202,Dieppe,Public,2A,821,8,824,0.238,0.831,0.221,0.43,0.10
940016868,Les Hôpitaux de Saint-Maurice,12 RUE DU VAL D OSNE,94410,Saint-Maurice,Public,2A,3250,38,"3,279",0.238,0.911,0.315,0.54,0.15
940000573,Centre hospitalier intercommunal de Créteil,40 AVENUE DE VERDUN,94010,Créteil,Public,3,3441,148,"3,573",0.238,0.814,0.320,0.52,0.18
130780521,Assistance publique-hôpitaux de Marseille hôpital Nord,CHEMIN DES BOURRELY,13015,Marseille,Public,3,2336,83,"2,399",0.238,,,,
750100273,Hôpital Tenon,4 RUE DE LA CHINE,75970,Paris,Public,2A,1792,42,"1,830",0.238,,,,
380780197,Clinique Saint-Vincent-de-Paul,70 AVENUE DU MÉDIPÔLE,38300,Bourgoin-Jallieu,Prive,2A,1320,21,"1,334",0.237,0.765,0.215,0.44,0.07
930000328,Centre hospitalier Général-Delafontaine,2 RUE DU DR DELAFONTAINE,93205,Saint-Denis,Public,3,4397,103,"4,486",0.237,0.838,0.215,0.41,0.10
820000032,Centre hospitalier Montauban,100 RUE LEON CLADEL,82013,Montauban,Public,2A,789,11,792,0.237,0.762,0.215,0.41,0.10
830100434,Clinique Saint-Jean,1 AVENUE GEORGES BIZET,83000,Toulon,Prive,1,1525,8,"1,530",0.237,,,,
620003202,Centre hospitalier de l'arrondissement de Montreuil-sur-Mer,140 CHEMIN DEPARTEMENTAL 191,62180,Rang-du-Fliers,Public,2A,967,11,973,0.236,0.864,0.139,0.26,0.05
680000627,Hôpital du Hasenrain,87 AVENUE D'ALTKIRCH,68051,Mulhouse,Public,3,2606,65,"2,657",0.236,0.653,0.159,0.30,0.08
380000067,Hôpital Nord CHU 38,BOULEVARD DE LA CHANTOURNE,38700,La Tronche,Public,3,2793,91,"2,873",0.236,0.851,0.224,0.40,0.11
470000431,Centre hospitalier de Villeneuve,,47305,Villeneuve-sur-Lot,Public,1,737,10,743,0.236,0.780,0.245,0.47,0.10
760000158,Hôpital Charles-Nicolle centre hospitalier universitaire Rouen,1 RUE DE GERMONT,76038,Rouen,Public,3,2617,99,"2,687",0.235,0.833,,,
130002835,Centre hospitalier de Martigues hôpital des Rayettes,3 BOULEVARD DES RAYETTES,13698,Martigues,Public,2B,1949,30,"1,974",0.235,,,,
840000343,Centre hospitalier du Pays d'Apt,ROUTE DE MARSEILLE,84405,Apt,Public,1,226,0,226,0.235,,,,
300781465,Clinique Kennedy,AVENUE KENNEDY,30900,Nîmes,Prive,2A,1040,18,"1,058",0.234,0.847,0.117,,
260000013,Centre hospitalier de Valence,179 BOULEVARD MARÉCHAL JUIN,26953,Valence,Public,2B,2371,61,"2,418",0.234,0.723,0.143,0.26,0.06
220000012,Centre hospitalier Yves-Le-Foll,10 RUE MARCEL PROUST,22023,Saint-Brieuc,Public,3,1969,65,"2,032",0.233,,0.295,0.43,0.16
570000059,Centre hospitalier Marie-Madeleine de Forbach,2 RUE THERESE,57604,Forbach,Public,2B,973,19,992,0.232,0.774,0.201,0.36,0.11
910020254,Centre hospitalier Sud francilien (site Jean-Jaurès),40 AVENUE SERGE DASSAULT,91106,Corbeil-Essonnes,Public,3,5126,150,"5,259",0.232,0.841,0.211,0.39,0.10
970300026,Centre hospitalier de Cayenne,RUE DES FLAMBOYANTS,97306,Cayenne,Public,3,3497,64,"3,547",0.232,,,,
20000162,Centre hospitalier Saint-Quentin,1 RUE MICHEL DE L'HOSPITAL,2321,Saint-Quentin,Public,2B,1257,18,"1,251",0.231,0.739,0.137,0.25,0.07
140000027,Centre hospitalier de Lisieux,4 RUE ROGER AINI,14107,Lisieux,Public,2B,1364,22,"1,380",0.230,0.792,0.115,0.21,0.05
750100109,Hôpital Trousseau,26 AVENUE DU DR ARNOLD NETTER,75571,Paris,Public,3,3649,189,"3,824",0.230,0.958,0.223,0.38,0.09
770000172,Centre hospitalier Léon Binet de Provins ,ROUTE DE CHALAUTRE,77488,Provins,Public,2A,676,13,687,0.230,,,,
310780101,Clinique Saint-Jean Languedoc,20 ROUTE DE REVEL,31400,Toulouse,Prive,1,671,7,676,0.229,0.808,0.084,0.11,0.06
300788502,Polyclinique du Grand Sud,350 AVENUE ST ANDRE DE CODOLS,30932,Nîmes,Prive,1,1457,8,"1,456",0.229,0.839,0.194,0.36,0.09
750100232,Hôpital Bichat-Claude-Bernard,46 RUE HENRI HUCHARD,75877,Paris,Public,2B,2173,32,"2,193",0.229,0.880,0.324,0.54,0.17
770790707,Clinique de Tournan,2 RUE JULES LEFEBVRE,77220,Tournan-en-Brie,Prive,1,768,4,770,0.229,0.810,0.421,0.71,0.24
920000619,Centre hospitalier des Quatre Villes (site Saint-Cloud),3 PLACE SILLY,92210,Saint-Cloud,Public,2A,3106,52,"3,150",0.229,0.897,,,
170000087,Hôpital Saint-Louis La Rochelle,RUE DU DR SCHWEITZER,17019,La Rochelle,Public,2B,1621,47,"1,663",0.228,0.850,0.137,0.24,0.06
820000057,Clinique du Pont de Chaume,330 AVENUE MARCEL UNAL,82017,Montauban,Prive,1,683,3,681,0.228,0.852,0.152,0.30,0.07
670780212,Clinique Sainte-Anne GHSV,182 ROUTE DE LA WANTZENAU,67085,Strasbourg,Prive,2A,1677,15,"1,691",0.227,0.883,0.095,0.16,0.03
330780495,Clinique mutualiste du Médoc,64 RUE ARISTIDE BRIAND,33340,Lesparre-Medoc,Public,1,299,1,295,0.227,0.781,0.105,0.21,0.04
930000286,Groupe hospitalier intercommunal Le Raincy-Montfermeil,10 RUE DU GENERAL LECLERC,93370,Montfermeil,Public,2B,2243,32,"2,269",0.227,0.849,0.199,0.39,0.11
830000337,Centre hospitalier de Saint-Tropez,ROND POINT GAL DIEGO BROSSET RD559,83580,Gassin,Public,1,480,2,481,0.227,,,,
670783273,Hôpital de Hautepierre,1 AVENUE MOLIERE,67000,Strasbourg,Public,3,2827,101,"2,915",0.226,0.737,0.066,0.13,0.02
350000147,Centre hospitalier Saint-Malo,1 RUE DE LA MARNE,35403,Saint-Malo,Public,2A,1292,19,"1,308",0.226,0.780,0.271,0.46,0.14
50000231,Centre hospitalier des Escartons de Briançon,24 AVENUE ADRIEN DAURELLE,5105,Briancon,Public,1,332,4,336,0.226,,,,
970202313,Clinique Saint-Paul,4 RUE DES HIBISCUS,97200,Fort-de-France,Prive,1,838,3,832,0.225,0.828,0.146,0.21,0.08
950000315,Groupe hospitalier Carnelle Portes de l'Oise (site Fritschi),25 RUE EDMOND TURCQ,95260,Beaumont-sur-Oise,Public,2A,1047,10,"1,055",0.225,0.665,0.150,0.26,0.08
940300270,Hôpital privé Armand-Brillard,3 AVENUE WATTEAU,94130,Nogent-sur-Marne,Prive,2A,1977,34,"2,006",0.225,0.929,0.225,0.34,0.14
310016977,Hôpitaux Mère et Enfants centre hospitalier universitaire Toulouse,330 AVENUE DE GRANDE BRETAGNE,31059,Toulouse,Public,3,4695,180,"4,858",0.225,0.891,0.260,,
880000021,Centre hospitalier intercommunal Durkheim,3 AVENUE ROBERT SCHUMAN,88021,Epinal,Public,2B,557,8,563,0.224,0.741,0.133,0.30,0.05
950000331,Centre hospitalier général de Gonesse,2 BOULEVARD DU 19 MARS 1962,95503,Gonesse,Public,2B,2306,40,"2,327",0.224,,,,
290000033,Centre hospitalier des Pays de Morlaix,15 RUE KERSAINT GILLY,29672,Morlaix,Public,2A,586,8,593,0.223,0.662,0.167,0.33,0.08
270000359,Centre hospitalier Evreux centre hospitalier Eure Seine,RUE LEON SCHWARTZENBERG,27015,Evreux,Public,2B,2084,41,"2,116",0.223,0.779,0.233,,
190000018,Centre hospitalier Dubois Brive,3 BOULEVARD DOCTEUR VERLHAC,19312,Brive-la-Gaillarde,Public,2A,804,22,825,0.222,0.869,0.290,0.53,0.12
180004145,Hôpital privé Guillaume-de-Varye,210 ROUTE DE VOUZERON,18230,Saint-Doulchard,Prive,1,425,0,424,0.222,0.867,,,
690780416,Groupement hospitalier mutualiste Les Portes du Sud,LIEU DIT LE COULOUD FEYZIN,69694,Venissieux,Public,1,1813,13,"1,820",0.221,0.710,0.156,0.35,0.07
430000117,Centre hospitalier Le Puy Emile-Roux,12 BOULEVARD DU DR CHANTEMESSE,43012,Le Puy-en-Velay,Public,2A,1053,14,"1,064",0.221,0.240,0.176,,
910803543,Centre hospitalier privé Claude-Galien,20 ROUTE DE BOUSSY SAINT ANTOINE,91480,Quincy-sous-Senart,Prive,2A,1106,14,"1,118",0.221,0.830,, , 
840000418,Centre hospitalier intercommunal de Cavaillon-Lauris,119 AVENUE GEORGES CLEMENCEAU,84304,Cavaillon,Public,1,525,2,524,0.221,,,,
140016759,Polyclinique du Parc,20 AVENUE GEORGES GUYNEMER,14052,Caen,Prive,2A,1911,19,"1,928",0.220,0.898,0.172,0.30,0.08
910000272,Centre hospitalier d'Arpajon,18 AVENUE DE VERDUN,91294,Arpajon,Public,2A,1360,19,"1,375",0.220,0.842,0.195,0.37,0.10
970400024,Centre hospitalier universitaire (site Félix-Guyon),ALLEE DES TOPAZES,97400,Saint-Denis,Public,3,2355,74,"2,385",0.220,0.653,,,
590782553,Hopital privé Villeneuve-d'Ascq,20 AVENUE DE LA RECONNAISSANCE,59650,Villeneuve-D'Ascq,Prive,1,1950,25,"1,972",0.220,,,,
720000231,Clinique du Tertre rouge,62 RUE DE GUETTELOUP,72100,Le Mans,Prive,2B,1591,27,"1,605",0.219,0.891,0.076,0.14,0.03
970462024,Clinique Jeanne-d'Arc,RUE ALSACE LORRAINE,97829,Le Port,Prive,2A,1255,15,"1,265",0.219,0.745,0.090,0.18,0.03
60780517,Polyclinique Saint-Jean,81 AVENUE DU DOCTEUR MAURICE DONAT,6800,Cagnes-sur-Mer,Prive,1,1028,7,"1,035",0.219,,,,
340780741,Polyclinique Sainte-Thérèse,6 QUAI DU MAS COULET,34200,Sete,Prive,1,503,3,505,0.218,0.848,0.114,0.21,0.05
580780195,Clinique de Cosne-sur-Loire,8 RUE FRANC NOHAIN,58200,Cosne-Cours-sur-Loire,Prive,1,307,0,307,0.218,0.779,0.146,0.29,0.06
510000193,Polyclinique Saint-André,18 RUE DE L ECU,51052,Reims,Prive,2A,1801,31,"1,826",0.218,0.922,0.151,0.24,0.08
920100039,Centre hospitalier universitaire Paris-Nord (site Beaujon),100 BOULEVARD DU GENERAL LECLERC,92118,Clichy,Public,1,1090,6,"1,088",0.218,0.821,0.181,0.35,0.08
940100043,Centre hospitalier universitaire Paris-Sud (site Kremlin-Bicêtre),78 AVENUE DU GENERAL LECLERC,94275,Le Kremlin-Bicetre,Public,3,3450,137,"3,569",0.218,0.915,0.181,0.32,0.09
370000861,Centre hospitalier régional universitaire Bretonneau - Tours,2 BOULEVARD TONNELLE,37044,Tours,Public,3,3386,82,"3,447",0.218,0.804,0.211,0.36,0.10
920000650,Centre médico-chirurgical Foch,40 RUE WORTH,92151,Suresnes,Public,2B,3174,68,"3,242",0.218,0.933,0.267,0.43,0.11
570000083,Clinique Saint-Nabor,75 RUE DES GENERAUX ALTMAYER,57504,Saint-Avold,Prive,1,1036,9,"1,041",0.218,0.854,0.335,0.55,0.20
130008253,Clinique de Vitrolles,RUE BEL AIR LA TUILIERE II,13741,Vitrolles,Prive,1,1410,7,"1,415",0.218,,,,
510004302,Centre hospitalier universitaire de Reims (hôpital Maison blanche),45 RUE COGNACQ JAY,51092,Reims,Public,3,1748,67,"1,806",0.217,0.840,0.123,0.25,0.05
940006679,Hôpital privé de Marne-la-Vallée,33 RUE LEON MENU,94360,Bry-sur-Marne,Prive,2A,1961,17,"1,970",0.217,0.832,0.196,0.34,0.10
290000058,Centre hospitalier régional universitaire Brest (site Hôpital Morvan),5 AVENUE FOCH,29609,Brest,Public,3,1958,84,"2,032",0.217,0.849,0.213,0.39,0.09
450000062,Centre hospitalier de l'agglomération montargoise,658 RUE DES BOURGOINS,45200,Amilly,Public,2B,1267,24,"1,287",0.217,0.825,0.282,0.54,0.14
800009920,Clinique Victor-Pauchet,2 AVENUE D'IRLANDE,80094,Amiens,Prive,2A,2286,25,"2,302",0.217,0.908,0.387,0.58,0.26
850009630,Centre hospitalier Fontenay (site Pôle Santé Sud-Vendée),,85201,Fontenay-le-Comte,Public,1,779,8,783,0.216,0.658,0.117,0.24,0.05
350000188,Centre hospitalier Vitré,30 ROUTE DE RENNES,35506,Vitre,Public,2A,725,7,731,0.216,0.712,0.138,0.26,0.07
70000179,Centre hospitalier d'Ardèche-Nord,RUE DU BON PASTEUR,7103,Annonay,Public,2A,681,6,682,0.216,0.684,0.222,0.39,0.12
50000348,Centre hospitalier intercommunal des Alpes du Sud (site de Gap),1 PLACE AUGUSTE MURET,5007,Gap,Public,2A,1013,18,"1,027",0.216,,,,
660000084,Centre hospitalier Saint-Jean,20 AVENUE DU LANGUEDOC,66046,Perpignan,Public,3,1908,51,"1,925",0.215,0.809,0.067,,
540013224,Polyclinique Majorelle,95 RUE AMBROISE PARÉ,54000,Nancy,Prive,2B,2418,41,"2,452",0.215,0.921,0.133,0.20,0.08
940000599,Centre hospitalier intercommunal Lucie-et-Raymond-Aubrac,40 ALLEE DE LA SOURCE,94195,Villeneuve-Saint-Georges,Public,2B,2869,35,"2,885",0.215,0.850,0.140,0.27,0.05
820000040,Clinique Croix-Saint-Michel,40 AVENUE CHARLES DE GAULLE,82000,Montauban,Prive,1,666,3,669,0.215,0.714,0.166,0.30,0.08
770000131,Centre hospitalier de Coulommiers,4 RUE GABRIEL PERI,77527,Coulommiers,Public,2A,776,13,786,0.215,0.778,0.199,0.34,0.12
930300116,Hôpital privé de Seine-Saint-Denis,7 AVENUE HENRI BARBUSSE,93156,Le Blanc-Mesnil,Prive,2B,2461,39,"2,494",0.214,0.889,0.219,0.40,0.12
870014859,Hôpital de La Mère et de l'Enfant,8 AVENUE DOMINIQUE LARREY,87000,Limoges,Public,3,2528,72,"2,590",0.214,0.819,0.337,0.56,0.18
60789195,Centre hospitalier universitaire de Nice hôpital de l'Archet,151 ROUTE SAINT ANTOINE DE GINESTIERE,6200,Nice,Public,3,3040,106,"3,118",0.214,,,,
130000409,Centre hospitalier intercommunal (site d'Aix-en-Provence),AVENUE DES TAMARIS,13616,Aix-en-Provence,Public,2B,1705,34,"1,735",0.214,,,,
140000209,Centre hospitalier universitaire Côte de Nacre Caen,AVENUE COTE DE NACRE,14033,Caen,Public,3,3084,81,"3,159",0.213,0.787,0.070,0.13,0.03
100000090,Centre hospitalier de Troyes,101 AVENUE ANATOLE FRANCE,10003,Troyes,Public,3,2164,55,"2,200",0.213,0.801,0.117,0.22,0.05
370007569,Pôle Santé Léonard-de-Vinci,1 AVENUE DU PROF ALEXANDRE MINKOWSKI,37175,Chambray-les-Tours,Prive,2A,2513,35,"2,542",0.213,0.911,0.148,0.26,0.07
930300298,Polyclinique Vauban,135 AVENUE VAUBAN,93190,Livry-Gargan,Prive,1,1315,13,"1,323",0.213,0.915,0.171,0.29,0.09
810000224,Centre médico-chirurgical et obstétrical Claude-Bernard,1 RUE PERE COLOMBIER,81030,Albi,Prive,1,411,3,413,0.213,0.917,0.237,0.30,0.19
130786445,Etoile maternité catholique,ROUTE DEPARTEMENTALE 14,13080,Aix-en-Provence,Public,2A,2596,42,"2,637",0.213,,,,
600113476,Centre hospitalier Compiègne,8 AVENUE HENRI ADNOT,60321,Compiègne,Public,2B,1451,20,"1,460",0.212,0.814,0.139,0.27,0.06
190000026,Centre hospitalier Cœur de Corrèze,3 PLACE DOCTEUR MASCHAT,19012,Tulle,Public,2A,589,7,594,0.212,0.750,0.152,0.24,0.08
710010786,Centre hospitalier Autun (site Parpas),7 RUE DE PARPAS,71400,Autun,Public,1,282,3,283,0.212,0.749,0.247,0.61,0.10
540000015,Centre hospitalier régional universitaire de Nancy,10 RUE DU DR HEYDENREICH,54042,Nancy,Public,3,2934,86,"3,007",0.211,0.873,0.052,0.10,0.02
560000143,Centre hospitalier du Centre-Bretagne (site Kério),KÉRIO,56920,Noyal-Pontivy,Public,2A,892,16,905,0.211,0.735,0.356,0.57,0.22
560000192,Centre hospitalier de Ploermel,7 RUE DU ROI ARTHUR,56800,Ploermel,Public,1,742,7,747,0.210,0.803,0.202,0.37,0.11
600000467,Centre hospitalier Ghpso Creil,BOULEVARD LAENNEC,60109,Creil,Public,3,1503,35,"1,536",0.210,0.522,0.206,0.39,0.11
950000307,Centre hospitalier Victor-Dupouy,69 RUE DU LT COLONEL PRUD HON,95107,Argenteuil,Public,3,3075,71,"3,124",0.210,0.838,0.231,0.43,0.11
870000411,Clinique Emailleurs-Colombier ,1 RUE VICTOR SCHOELCHER,87038,Limoges,Prive,1,985,8,990,0.210,0.813,0.453,0.67,0.29
380786442,Clinique Belledonne,83 AVENUE GABRIEL PERI,38400,Saint-Martin-d'Heres,Prive,2A,1964,47,"2,003",0.209,0.912,0.117,0.20,0.05
340780675,Clinique Clémentville,25 RUE DE CLEMENTVILLE,34000,Montpellier,Prive,2A,1907,23,"1,925",0.209,0.852,0.120,0.20,0.05
420000010,Centre hospitalier de Roanne,28 RUE DE CHARLIEU,42328,Roanne,Public,2B,1782,30,"1,803",0.209,0.743,0.143,0.29,0.06
330000589,Centre hospitalier Sud-Gironde (site Langon),RUE PAUL LANGEVIN,33212,Langon,Public,1,739,4,738,0.209,0.776,0.149,0.29,0.06
690007539,Hôpital Femme Mère Enfant,59 BOULEVARD PINEL,69677,Bron,Public,3,4188,196,"4,375",0.209,0.812,0.205,0.39,0.08
570000901,Hôpital Robert-Pax de Sarreguemines,2 RUE RENE FRANCOIS-JOLLY,57211,Sarreguemines,Public,1,809,8,815,0.209,0.451,0.251,0.48,0.09
130781479,Clinique La Casamance,33 BOULEVARD DES FARIGOULES,13675,Aubagne,Prive,1,461,3,464,0.209,,,,
970100442,Centre hospitalier universitaire de Pointe-à-Pitre - Abymes,,97139,Les Abymes,Public,3,1852,42,"1,894",0.208,0.563,0.055,0.10,0.03
30000087,Centre hospitalier Jacques-Lacarin Vichy,BOULEVARD DENIERE,3201,Vichy,Public,2A,1089,9,"1,094",0.208,0.755,0.092,0.17,0.04
380000034,Centre hospitalier Pierre-Oudot Bourgoin-Jallieu,30 AVENUE DU MÉDIPÔLE,38302,Bourgoin-Jallieu,Public,2A,1302,7,"1,294",0.208,0.707,0.176,0.33,0.08
970100400,Hôpital de Marigot,,97150,Saint-Martin,Public,2B,680,11,691,0.208,0.572,0.188,0.33,0.10
800006124,Centre hospitalier universitaire Amiens-Salouël,AVENUE RENÉ LAËNNEC,80480,Salouel,Public,3,2305,70,"2,346",0.208,0.840,0.197,0.32,0.09
750100042,Centre hospitalier universitaire Saint-Louis (site Lariboisière),2 RUE AMBROISE PARE,75475,Paris,Public,2A,2614,28,"2,621",0.208,0.840,0.234,0.41,0.11
680000544,Centre hospitalier d'Altkirch,23 RUE DU TROISIEME ZOUAVE,68134,Altkirch,Public,1,406,0,406,0.207,0.609,0.102,0.19,0.04
340000223,"Hôpital Saint-Clair (hôpitaux du bassin de Thau, Sète)",BOULEVARD CAMILLE BLANC,34207,Sète,Public,2A,716,8,721,0.207,0.736,0.126,0.24,0.05
640000600,Centre hospitalier de Pau,4 BOULEVARD HAUTERIVE,64046,Pau,Public,3,1582,42,"1,620",0.207,0.724,0.190,0.32,0.10
650780679,Polyclinique de l'Ormeau,12 CHEMIN DE L'ORMEAU,65000,Tarbes,Prive,1,842,11,849,0.207,0.825,0.272,0.45,0.11
60000544,Centre hospitalier Pierre Nouveau Cannes,15 AVENUE DES BROUSSAILLES,6414,Cannes,Public,2A,1475,10,"1,481",0.207,,,,
770000164,Centre hospitalier de Montereau,1 RUE VICTOR HUGO,77875,Montereau-Fault-Yonne,Public,1,644,5,647,0.206,0.730,0.111,0.24,0.04
930100045,Centre hospitalier universitaire Paris (site Jean-Verdier),AVENUE DU 14 JUILLET,93143,Bondy,Public,2B,2558,30,"2,573",0.206,0.841,0.256,0.50,0.11
360000137,Centre hospitalier Châteauroux,216 AVENUE DE VERDUN,36019,Châteauroux,Public,2A,1254,20,"1,267",0.206,0.654,0.273,0.46,0.13
690784152,Hôpital de La Croix-Rousse,103 GRANDE RUE DE LA CRX-ROUSSE,69317,Lyon,Public,3,3971,136,"4,091",0.206,0.914,,,
340796663,Hôpital Arnaud-de-Villeneuve centre hospitalier universitaire,371 AVENUE DU DOYEN GASTON GIRAUD,34295,Montpellier,Public,3,3431,132,"3,545",0.205,0.738,0.048,0.09,0.02
440000271,Centre hospitalier universitaire de Nantes (site Hôtel-dieu),1 PLACE ALEXIS RICORDEAU,44093,Nantes,Public,3,3726,112,"3,825",0.205,0.726,0.155,0.28,0.07
590000618,Centre hospitalier Valenciennes,114 AVENUE DESANDROUINS,59322,Valenciennes,Public,3,3291,82,"3,371",0.205,,,,
250011848,Polyclinique de Franche-Comté,4 RUE AUGUSTE RODIN,25052,Besançon,Prive,2A,1529,16,"1,534",0.205,0.896,,,
340009885,Polyclinique Champeau,32 AVENUE ENSEIGNE ALBERTINI,34535,Béziers,Prive,1,1482,15,"1,496",0.205,0.881,,,
830000295,Centre hospitalier Marie-José-Treffot de Hyères ,AVENUE MARECHAL JUIN,83407,Hyeres,Public,1,884,12,892,0.205,,,,
690807599,Clinique de l'Union,43 RUE LOUIS DUCLOS,69120,Vaulx-en-Velin,Public,1,1067,10,"1,074",0.204,0.730,0.070,0.17,0.03
740000237,Centre hospitalier Annecy-Genevois (site Annecy),1 AVENUE DE L'HOPITAL,74370,Pringy,Public,2B,2557,53,"2,605",0.204,0.800,0.110,0.19,0.05
780000287,Centre hospitalier Francois-Quesnay Mantes,2 BOULEVARD SULLY,78201,Mantes-la-Jolie,Public,2B,2216,36,"2,246",0.204,0.833,0.187,0.40,0.09
890975550,Centre hospitalier Sens,1 AVENUE PIERRE DE COUBERTIN,89108,Sens,Public,2A,1171,20,"1,185",0.204,0.795,0.192,0.36,0.11
490002037,Polyclinique du Parc,AVENUE DES SABLES,49300,Cholet,Prive,1,846,6,852,0.204,0.823,0.217,0.39,0.13
920000676,Institut hospitalier (site Barbès),3 RUE BARBES,92300,Levallois-Perret,Public,2A,2518,17,"2,535",0.204,0.773,0.248,0.40,0.11
330781360,Groupement hospitalier Pellegrin,PLACE AMELIE RABA LEON,33076,Bordeaux,Public,3,5148,207,"5,332",0.204,0.868,0.251,0.43,0.11
860780568,Clinique Fief de Grimoire,38 RUE DU FIEF DE GRIMOIRE,86000,Poitiers,Prive,2A,1094,11,"1,105",0.204,0.875,0.333,0.53,0.21
620100099,Hôpital privé d'Arras Les Bonnettes,2 RUE DU DOCTEUR FORGEOIS,62012,Arras,Prive,1,910,7,917,0.203,0.936,0.108,0.19,0.05
510000169,Centre hospitalier de Châlons,51 RUE DU COMMANDANT DERRIEN,51005,Chalons-en-Champagne,Public,2A,923,14,931,0.203,0.774,0.139,0.24,0.08
770019032,Centre hospitalier de Marne-la-Vallée (site Jossigny),2 COURS DE LA GONDOIRE,77600,Jossigny,Public,2B,3549,39,"3,572",0.203,0.692,0.160,0.28,0.07
180000200,Centre hospitalier de Vierzon,33 RUE LEO MERIGOT,18102,Vierzon,Public,1,479,5,479,0.203,0.796,0.283,0.51,0.14
770000156,Centre hospitalier Melun Marc-Jacquet,2 RUE FRETEAU DE PENY,77011,Melun,Public,2B,2721,49,"2,751",0.203,,,,
620000034,Centre hospitalier d'Arras,BOULEVARD BESNIER,62022,Arras,Public,3,2073,53,"2,119",0.202,0.851,0.135,0.25,0.05
420000226,Centre hospitalier du Forez (site de Montbrison),AVENUE DES MONTS DU SOIR,42605,Montbrison,Public,1,883,6,886,0.202,0.620,0.160,0.32,0.05
450000070,Centre hospitalier Pithiviers,10 BOULEVARD BEAUVALLET,45308,Pithiviers,Public,1,223,1,223,0.202,0.590,0.169,0.38,0.07
580972693,Hôpital Pierre-Bérégovoy,1 AVENUE PATRICK GUILLOT,58033,Nevers,Public,2B,1149,14,"1,157",0.202,0.766,0.311,0.51,0.16
130001225,Centre hospitalier Salon-de-Provence,207 AVENUE JULIEN FABRE,13658,Salon-de-Provence,Public,2A,1197,12,"1,204",0.202,,,,
40000093,Centre hospitalier de Manosque,RUE AUGUSTE GIRARD,4101,Manosque,Public,1,775,2,772,0.202,,,,
620000653,Centre hospitalier Boulogne-sur-Mer,RUE JACQUES MONOD,62321,Boulogne-sur-Mer,Public,2B,1085,22,"1,105",0.201,0.770,0.119,0.23,0.04
290000173,Centre hospitalier Ferdinand-Grall Landerneau,1 ROUTE DE PENCRAN,29207,Landerneau,Public,1,558,0,557,0.201,0.827,0.148,0.27,0.07
970462107,Clinique Sainte-Clotilde,127 ROUTE DU BOIS DE NEFLES,97492,Saint-Denis,Prive,2A,1859,14,"1,863",0.201,0.729,0.162,0.27,0.10
750150104,Institut mutualiste Montsouris,42 BOULEVARD JOURDAN,75674,Paris,Public,1,2121,7,"2,126",0.201,0.926,0.198,0.33,0.08
240000372,Centre hospitalier de Bergerac,9 AVENUE ALBERT CALMETTE,24108,Bergerac,Public,1,791,8,796,0.201,0.808,0.259,0.45,0.13
410000046,Centre hospitalier Romorantin-Lanthenay,96 RUE DES CAPUCINS,41206,Romorantin-Lanthenay,Public,1,448,2,447,0.201,0.521,0.280,0.47,0.18
810000505,Centre hospitalier d'Albi,22 BOULEVARD SIBILLE,81013,Albi,Public,2A,1164,17,"1,178",0.201,0.785,,,
2A0000022,Centre hospitalier Notre-Dame de la Miséricorde,27 AVENUE IMPERATRICE EUGENIE,20184,Ajaccio,Public,2B,988,12,"1,000",0.201,,,,
920100047,Centre hospitalier universitaire Paris-Nord (site Louis-Mourier),178 RUE DES RENOUILLIERS,92701,Colombes,Public,3,3280,109,"3,373",0.200,0.900,0.130,0.25,0.05
570026682,Hôpital de Mercy - Centre hospitalier régional de Metz-Thionville,1 ALLEE DU CHATEAU,57530,Ars-Laquenexy,Public,2B,3097,51,"3,144",0.200,0.749,0.160,0.27,0.06
120000070,Centre hospitalier Pierre-Delpech-Decazeville,60 RUE PROSPER ALFARIC,12300,Decazeville,Public,1,185,0,185,0.200,0.662,0.223,0.37,0.13
750300410,Clinique Jeanne-d'Arc,11 RUE PONS CARME,75013,Paris,Prive,1,832,0,828,0.200,0.792,0.230,0.37,0.15
640000410,Centre hospitalier Oloron,AVENUE DR FLEMING,64404,Oloron-Sainte-Marie,Public,1,135,1,135,0.200,0.694,0.269,0.38,0.15
590816310,Clinique Saint-Amé,RUE CLEMENCEAU,59552,Lambres-lez-Douai,Prive,1,1124,11,"1,132",0.200,0.872,0.333,0.51,0.21
100000199,Centre hospitalier de Romilly-sur-Seine,AVENUE PAUL V COUTURIER,10105,Romilly-sur-Seine,Public,1,493,4,493,0.199,0.759,0.122,0.27,0.06
730000031,Centre hospitalier Métropole Savoie,PLACE LUCIEN BISET,73011,Chambery,Public,3,3131,51,"3,177",0.199,0.809,0.185,0.32,0.08
240000489,Centre hospitalier de Périgueux,80 AVENUE GEORGES POMPIDOU,24019,Périgueux,Public,2B,1600,36,"1,630",0.199,0.822,0.291,0.48,0.14
490000049,Centre hospitalier universitaire d'Angers (site Larrey),4 RUE LARREY,49933,Angers,Public,3,3851,96,"3,921",0.199,0.829,0.309,0.51,0.18
480000017,Hôpital Lozère (site Vallée-du-Lot),AVENUE DU HUIT MAI 1945,48000,Mende,Public,2A,476,6,478,0.199,0.747,0.311,0.50,0.17
680001245,Centre mère-enfant Le Parc,46 RUE DU STAUFFEN,68020,Colmar,Public,2B,1895,46,"1,940",0.198,0.634,0.069,0.11,0.03
100002351,Clinique de Champagne,4 RUE CHAIM SOUTINE,10012,Troyes,Prive,1,473,5,475,0.198,0.769,0.079,0.17,0.03
350007084,Centre hospitalier régional universitaire Rennes (site Hôpital-Sud),16 BOULEVARD DE BULGARIE,35000,Rennes,Public,3,3607,105,"3,686",0.198,0.834,0.115,0.23,0.04
720000033,Centre hospitalier du Mans,194 AVENUE RUBILLARD,72037,Le Mans,Public,3,3678,73,"3,721",0.198,0.649,0.171,0.32,0.08
310780382,Clinique Ambroise-Paré,387 ROUTE DE SAINT SIMON,31082,Toulouse,Prive,2B,3379,39,"3,407",0.198,0.936,0.180,0.32,0.07
620000224,Centre hospitalier Béthune,27 RUE DELBECQUE,62408,Bethune,Public,2A,914,11,922,0.198,0.907,0.234,0.41,0.11
920000585,Centre hospitalier Rives de Seine (site Neuilly-sur-Seine),36 BOULEVARD DU GENERAL LECLERC,92205,Neuilly-sur-Seine,Public,2B,2370,47,"2,416",0.198,0.863,,,
640018206,Clinique Belharra,2 ALLEE DU DOCTEUR LAFON,64100,Bayonne,Prive,1,1169,23,"1,190",0.197,0.879,0.044,0.06,0.03
210780110,Clinique Sainte-Marthe,56 RUE DE LA PREFECTURE,21000,Dijon,Prive,2B,1638,27,"1,660",0.197,0.925,0.131,0.23,0.07
760805770,Hôpital Jacques-Monod centre hospitalier Le Havre,29 RUE P MENDES FRANCE,76290,Montivilliers,Public,3,2971,65,"3,024",0.197,0.826,0.158,0.31,0.06
590780268,Polyclinique du Bois,44 RUE MARX DORMOY,59000,Lille,Prive,2A,1937,47,"1,984",0.197,0.906,0.238,0.33,0.16
160013207,Centre clinical Angoulême-Soyaux,2 CHEMIN DE FREGENEUIL,16800,Soyaux,Prive,1,984,10,989,0.197,0.707,0.298,0.47,0.19
970400073,Groupe hospitalier Est Réunion (Saint-Benoît),30 ROUTE RN 3,97470,Saint-Benoit,Public,2A,1442,8,"1,409",0.197,,,,
330000605,Centre hospitalier de Libourne Robert-Boulin,112 RUE DE LA MARNE,33505,Libourne,Public,2B,1529,22,"1,543",0.196,0.839,0.093,0.18,0.03
600000194,Centre hospitalier Beauvais,40 AVENUE LÉON BLUM,60021,Beauvais,Public,2B,2209,32,"2,221",0.196,0.750,0.122,0.23,0.05
80000425,Hôpital Manchester - Centre hospitalier Charleville,45 AVENUE DE MANCHESTER,8011,Charleville-Mèzieres,Public,2B,1452,33,"1,469",0.196,0.809,0.241,0.41,0.14
780800256,Centre hospitalier de Versailles (site André-Mignot),177 RUE DE VERSAILLES,78157,Le Chesnay,Public,2A,2141,38,"2,167",0.195,0.864,0.166,0.31,0.06
130000565,Centre hospitalier Edmond-Garcin d'Aubagne,179 AVENUE DES SOEURS GASTINE,13400,Aubagne,Public,1,770,10,780,0.195,,,,
330780479,Polyclinique Bx-Nord Aquitaine,15 RUE CLAUDE BOUCHER,33300,Bordeaux,Prive,2A,2687,31,"2,715",0.194,0.923,0.105,0.18,0.04
970400065,Centre hospitalier Gabriel-Martin,38 RUE LABOURDONNAIS,97411,Saint-Paul,Public,2B,1582,21,"1,590",0.194,0.571,0.130,0.25,0.06
930000302,Centre hospitalier intercommunal André-Grégoire,56 BOULEVARD DE LA BOISSIERE,93100,Montreuil,Public,3,3936,112,"4,026",0.194,0.874,0.176,0.34,0.07
110000056,Centre hospitalier Narbonne Hôtel-dieu,BOULEVARD DOCTEUR LACROIX,11108,Narbonne,Public,1,785,5,788,0.194,0.746,0.192,0.34,0.09
710978347,Hôtel-dieu du Creusot,175 RUE MARECHAL FOCH,71206,Le Creusot,Public,1,667,3,666,0.194,0.739,0.216,0.44,0.07
340780683,Polyclinique Saint-Roch,430 RUE DU FAUBOURG ST JAUMES,34000,Montpellier,Prive,2A,3405,43,"3,439",0.194,0.865,0.269,0.40,0.14
510000185,Polyclinique Courlancy Reims,38 RUE DE COURLANCY,51057,Reims,Prive,2A,1712,46,"1,754",0.194,0.926,0.335,,
970300265,Centre médico-chirurgical de Kourou,AVENUE LEOPOLD-HEDER,97387,Kourou,Public,2A,769,10,779,0.194,0.285,,,
20000535,Centre hospitalier Chauny,94 SQUARE DES ANCIENS COMBATTANTS,2303,Chauny,Public,1,604,7,606,0.193,0.550,0.067,0.13,0.03
470000480,Centre hospitalier de Marmande - CHIC,76 RUE DOCTEUR COURRET,47207,Marmande,Public,1,723,10,730,0.193,0.623,0.156,0.31,0.07
720016179,Pôle Santé Sarthe et Loir,LA CHASSE DU POINT DU JOUR,72200,Le Bailleul,Public,1,518,6,522,0.193,0.784,0.264,0.47,0.15
630781839,Clinique La Châtaigneraie Beaumont,59 RUE DE LA CHATAIGNERAIE,63110,Beaumont,Prive,2A,1858,16,"1,867",0.192,0.912,0.110,0.18,0.05
970400057,Centre hospitalier universitaire (site Sud),AVENUE FRANCOIS MITTERRAND,97448,Saint-Pierre,Public,3,4153,84,"4,184",0.192,,0.132,0.25,0.06
740781141,Centre hospitalier Alpes Léman,558 ROUTE DE FINDROL,74130,Contamine-sur-Arve,Public,2A,1990,42,"2,019",0.192,0.830,0.153,0.27,0.06
630781268,Centre hospitalier universitaire Estaing,1 PLACE LUCIE AUBRAC,63003,Clermont-Ferrand,Public,3,3777,107,"3,865",0.192,0.757,0.193,0.33,0.08
170000103,Centre hospitalier de Saintonge-Saintes,11 BOULEVARD AMBROISE PARE,17108,Saintes,Public,2B,1433,33,"1,460",0.192,0.818,0.253,0.41,0.13
590000428,Centre hospitalier Cambrai,516 AVENUE DE PARIS,59407,Cambrai,Public,1,572,5,573,0.192,0.806,0.302,0.47,0.16
910300177,Clinique de l'Yvette,67 ROUTE DE CORBEIL,91160,Longjumeau,Prive,1,876,3,875,0.192,0.825,0.366,0.59,0.23
620000257,Centre hospitalier Lens,99 ROUTE DE LA BASSEE,62307,Lens,Public,3,2424,52,"2,463",0.192,,,,
270000458,Centre hospitalier Vernon-Centre hospitalier Eure-Seine,5 RUE DOCTEUR BURNET,27207,Vernon,Public,1,717,3,718,0.192,0.722,,,
780000295,Centre hospitalier intercommunal de Meulan-Les Mureaux,1 RUE DU FORT,78250,Meulan-en-Yvelines,Public,1,988,3,988,0.191,0.805,0.099,0.22,0.05
590000592,Centre hospitalier Denain,25 RUE J JAURES,59723,Denain,Public,1,1159,13,"1,171",0.191,0.730,0.118,0.26,0.05
520000068,Centre hospitalier Geneviève-de-Gaulle - Anthonioz,1 RUE ALBERT SCHWEITZER,52115,Saint-Dizier,Public,2B,956,7,947,0.190,0.651,0.117,0.23,0.04
420785354,Centre hospitalier universitaire de Saint-Etienne hôpital Nord CHU42,AVENUE ALBERT RAIMOND,42277,Saint-Priest-en-Jarez,Public,3,2972,100,"3,060",0.190,0.914,0.144,0.26,0.06
610000051,Centre hospitalier intercommunal d'Alençon-Mamers (site Alençon),25 RUE DE FRESNAY,61014,Alençon,Public,2A,1025,17,"1,034",0.190,0.891,0.198,0.39,0.08
440000503,Centre hospitalier Châteaubriant,9 RUE DE VERDUN,44146,Châteaubriant,Public,2A,591,6,594,0.190,0.844,0.260,0.44,0.17
270000045,Centre hospitalier Bernay,5 RUE ANNE DE TICHEVILLE,27303,Bernay,Public,1,445,7,448,0.190,0.702,0.273,0.49,0.14
800000432,Centre hospitalier de Péronne,PLACE DU JEU DE PAUME,80201,Peronne,Public,1,448,1,447,0.190,0.818,0.351,0.62,0.20
220022800,Hôpital privé des Côtes d'Armor,10 RUE FRANCOIS JACOB,22190,Plérin,Prive,2A,937,13,944,0.190,0.889,,,
170000152,Centre hospitalier Rochefort,1 AVENUE BELIGON,17301,Rochefort,Public,2A,1110,19,"1,122",0.189,0.656,0.111,0.17,0.06
220000343,Centre hospitalier Guingamp,17 RUE DE L'ARMOR,22200,Guingamp,Public,1,511,3,512,0.189,0.617,0.154,0.19,0.03
600000053,Centre hospitalier Ghpso Senlis,14 AVENUE PAUL ROUGÉ,60309,Senlis,Public,2A,1839,27,"1,862",0.189,0.768,0.207,0.38,0.08
760025312,Clinique Mathilde,7 BOULEVARD DE L'EUROPE,76175,Rouen,Prive,2A,2662,36,"2,692",0.189,0.874,0.242,0.39,0.13
590006607,Hôpital Jeanne-de-Flandre centre hospitalier régional Lille,2 AVENUE OSCAR LAMBRET,59000,Lille,Public,3,5386,182,"5,543",0.189,0.807,0.103,0.15,0.05
830000345,Centre hospitalier intercommunal Toulon - La Seyne-sur-Mer,54 RUE HENRI SAINTE CLAIRE DEVILLE,83056,Toulon,Public,2B,2981,94,"3,057",0.189,,,,
980500011,Centre hospitalier de Mayotte,RUE DE L'HOPITAL,97600,Mamoudzou,Public,3,9252,132,"8,645",0.188,0.109,0.042,0.14,0.03
710978263,Centre hospitalier William-Morey Chalon-sur-Saône,4 RUE CAPITAINE DRILLIEN,71321,Chalon-sur-Saône,Public,2B,1760,33,"1,788",0.188,0.744,0.054,0.10,0.02
940300379,Clinique Gaston-Metivet,48 RUE ALSACE LORRAINE,94100,Saint-Maur-des-Fosses,Prive,1,989,2,991,0.188,0.889,0.096,0.15,0.07
120004569,Centre hospitalier de Millau,265 BOULEVARD ACHILLE SOUQUES,12101,Millau,Public,1,265,2,266,0.188,0.750,0.157,0.26,0.09
750150260,Hôpital des Diaconesses,12 RUE DU SERGENT BAUCHAT,75571,Paris,Public,1,2547,9,"2,548",0.188,0.893,0.192,0.30,0.06
350000121,Centre hospitalier privé Saint-Grégoire,6 BOULEVARD DE LA BOUTIERE,35768,Saint-Gregoire,Prive,2A,2223,25,"2,237",0.185,0.9,,,0.07
10000032,Centre hospitalier Docteur-Recamier Belley,52 RUE GEORGES GIRERD,1300,Belley,Public,1,415,5,418,0.187,0.650,0.068,0.12,0.04
590791562,Maternité Paul-Gelle centre hospitalier Roubaix,91 AVENUE JULIEN LAGACHE,59056,Roubaix,Public,2B,2517,46,"2,553",0.187,,0.093,0.22,0.03
240000687,Centre hospitalier Sarlat,,24206,Sarlat-la-Caneda,Public,1,242,1,241,0.187,0.694,0.168,0.28,0.09
560000135,Groupe hospitalier Hôpital du Scorff,5 AVENUE DE CHOISEUL,56322,Lorient,Public,2B,2565,46,"2,597",0.187,0.860,0.188,0.34,0.09
950000364,Centre hospitalier René-Dubos,6 AVENUE DE L ILE DE FRANCE,95300,Pontoise,Public,3,4692,106,"4,758",0.187,0.729,0.190,0.36,0.09
690000021,Centre hospitalier de Sainte-Foy-lès-Lyon,78 CHEMIN DE MONTRAY,69110,Sainte-Foy-les-Lyon,Public,1,1223,9,"1,228",0.187,0.830,0.205,0.35,0.10
760021329,Hôpital privé de l'Estuaire,505 RUE IRENE JOLIOT-CURIE,76620,Le Havre,Prive,1,741,2,743,0.187,0.793,0.217,0.35,0.14
190000091,Centre hospitalier d'Ussel,2 AVENUE DU DOCTEUR ROULLET,19208,Ussel,Public,1,193,1,193,0.187,0.745,0.261,0.42,0.15
560008799,Clinique Océane,RUE DU DOCTEUR AUDIC,56000,Vannes,Prive,1,1085,7,"1,090",0.187,0.84,0.071,0.17,0.01
840000483,Centre hospitalier Louis-Giorgi d'Orange,AVENUE DE LAVOISIER,84106,Orange,Public,1,1079,8,"1,085",0.187,,,,
660780669,Clinique Notre-Dame-d'Espérance,AVENUE D'ARGELES,66100,Perpignan,Prive,1,1381,8,"1,389",0.186,0.827,0.058,0.10,0.03
760000372,Centre hospitalier Lillebonne CHI Caux Vallée de Seine,19 AVENUE DU PRESIDENT RENE COTY,76170,Lillebonne,Public,1,730,3,730,0.186,0.736,0.202,,
490001765,Centre hospitalier de Saumur,ROUTE DE FONTEVRAUD,49403,Saumur,Public,2A,1062,12,"1,069",0.186,0.457,0.247,0.45,0.12
440000412,Clinique Bretéché-Viaud,3 RUE BERAUDIERE,44046,Nantes,Prive,1,1441,21,"1,455",0.186,0.872,0.265,0.41,0.13
790009948,Polyclinique Inkermann,84 ROUTE D AIFFRES,79006,Niort,Prive,1,596,8,603,0.186,0.762,0.277,0.40,0.19
170000095,Centre hospitalier Saint-Jean-d'Angély,18 AVENUE DU PORT,17415,Saint-Jean-D'Angely,Public,1,246,2,247,0.186,0.796,0.318,0.50,0.20
970462073,Clinique Durieux,100 RUE DE FRANCE,97430,Le Tampon,Prive,1,945,0,941,0.185,0.811,0.194,0.37,0.09
490014909,Clinique de l'Anjou,9 RUE DE L HIRONDELLE,49044,Angers,Prive,2A,1918,24,"1,930",0.185,0.849,0.212,0.35,0.13
640780946,Polyclinique de Navarre,8 BOULEVARD HAUTERIVE,64075,Pau,Prive,1,1504,27,"1,526",0.185,0.928,0.216,0.37,0.10
10780203,Hôpital privé d'Ambérieu,EN PRAGNAT NORD,1506,Amberieu-en-Bugey,Prive,1,803,5,806,0.185,0.738,0.225,0.43,0.09
220000368,Centre hospitalier Lannion,KERGOMAR,22303,Lannion,Public,1,624,5,628,0.185,0.738,0.281,0.43,0.14
290019777,Polyclinique de Keraudren,RUE ERNESTINE DE TREMAUDAN,29220,Brest,Prive,2A,2155,24,"2,176",0.184,0.945,0.087,0.16,0.04
610000119,Centre hospitalier Jacques-Monod Flers,RUE EUGÈNE GARNIER,61104,Flers,Public,2A,950,10,955,0.184,0.805,0.135,0.28,0.04
470000027,Clinique Esquirol - Saint-Hilaire,1 RUE DR ET MME DELMAS,47002,Agen,Prive,1,853,15,868,0.184,0.860,0.271,0.41,0.16
470000423,Centre hospitalier d'Agen-Nérac - Hôpital Saint-Esprit,ROUTE DE VILLENEUVE,47923,Agen,Public,2B,876,16,886,0.184,0.748,0.277,0.44,0.15
130785652,Hôpital Saint-Joseph,26 BOULEVARD DE LOUVAIN,13008,Marseille,Public,2B,4691,92,"4,766",0.184,,,,
660780784,Clinique Saint-Pierre,169 AVENUE DE PRADES,66012,Perpignan,Prive,1,1205,13,"1,218",0.183,0.804,0.035,0.06,0.02
10005239,Centre hospitalier du Haut-Bugey (site Géovreisset),1 ROUTE DE VEYZIAT,1108,Oyonnax,Public,1,566,3,569,0.183,0.705,0.170,0.33,0.09
110000023,Centre hospitalier Carcassonne,1060 CHEMIN DE LA MADELEINE,11010,Carcassonne,Public,2A,1667,20,"1,669",0.183,0.727,0.251,0.42,0.13
400000105,Centre hospitalier de Dax,51 BOULEVARD YVES DU MANOIR,40107,Dax,Public,2A,1010,12,"1,009",0.183,0.847,0.278,0.47,0.14
910000306,Centre hospitalier d'Orsay,4 PLACE DU GENERAL LECLERC,91401,Orsay,Public,2B,1370,19,"1,383",0.183,0.786,0.288,0.46,0.15
690000575,Hôpital Nord-Ouest Villefranche,PLATEAU D'OUILLY,69400,Gleize,Public,2B,1995,35,"2,018",0.183,,,,
970100392,Centre hospitalier de La Basse Terre,AVENUE GASTON FEUILLARD,97100,Basse-Terre,Public,3,739,8,743,0.182,0.189,0.053,0.10,0.02
850000241,Centre hospitalier Côte de lumière,4 RUE JACQUES MONOD,85340,Olonne-sur-Mer,Public,1,565,1,565,0.182,0.788,0.080,0.13,0.04
620000323,Centre hospitalier Calais,1601 BOULEVARD DES JUSTES,62107,Calais,Public,3,1948,56,"1,996",0.182,0.903,0.108,0.23,0.03
320000086,Centre hospitalier d'Auch,ALLEE MARIE CLARAC,32008,Auch,Public,2A,875,14,888,0.182,0.782,0.112,0.21,0.04
930000336,Centre hospitalier intercommunal Robert-Ballanger,BOULEVARD ROBERT BALLANGER,93602,Aulnay-sous-Bois,Public,2B,2958,49,"2,988",0.182,0.772,0.137,0.29,0.06
970211223,Centre hospitalier universitaire de Martinique (site de Trinité),,97220,La Trinite,Public,1,447,4,446,0.182,0.433,0.205,0.41,0.09
330000555,Centre hospitalier d'Arcachon,AVENUE JEAN HAMEAU,33164,La Teste-de-Buch,Public,1,1003,10,"1,009",0.182,0.712,0.213,0.35,0.09
30000061,Centre hospitalier Moulins-Yzeure,10 AVENUE DU GENERAL DE GAULLE,3006,Moulins,Public,2A,1058,15,"1,070",0.181,0.677,0.129,0.23,0.07
410000202,Polyclinique de Blois,1 RUE ROBERT DEBRE,41260,La Chaussée-Saint-Victor,Prive,1,636,0,635,0.181,0.738,0.231,0.36,0.15
540001096,Centre hospitalier de Mont-Saint-Martin,4 RUE ALFRED LABBE,54350,Mont-Saint-Martin,Public,1,610,4,613,0.181,0.771,0.245,0.42,0.11
130002215,Centre hospitalier de La Ciotat,BOULEVARD LAMARTINE,13708,La Ciotat,Public,1,862,10,872,0.181,,,,
740000302,Centre hospitalier Annecy Genevois (site Saint-Julien-en-Genevois),1 RUE AMEDÉE VIII DE SAVOIE,74164,Saint-Julien-en-Genevois,Public,1,965,1,953,0.180,0.592,0.078,0.16,0.02
590000535,Centre hospitalier Sambre Avesnois Maubeuge,13 BOULEVARD PASTEUR,59607,Maubeuge,Public,2B,997,19,"1,006",0.180,0.657,0.086,0.18,0.03
500000021,Centre hospitalier d'Avranches-Granville (site Avranches),59 RUE DE LA LIBERTE,50303,Avranches,Public,2B,1169,15,"1,180",0.180,0.746,0.145,0.27,0.07
750150013,Hôpital Pierre-Rouques - Les Bluets,4 RUE LASSON,75571,Paris,Public,1,3113,8,"3,106",0.180,0.808,0.152,0.24,0.04
740781224,Hôpitaux du Mont-Blanc (site Sallanches),380 RUE DE L'HÔPITAL,74700,Sallanches,Public,2A,1133,22,"1,150",0.180,0.753,0.204,0.35,0.09
740780424,Clinique générale d'Annecy,4 CHEMIN TOUR LA REINE,74000,Annecy,Prive,1,1312,12,"1,317",0.180,0.824,,,
830000287,Centre hospitalier La Dracénie de Draguignan,ROUTE DE MONTFERRAT,83007,Draguignan,Public,2A,1119,13,"1,126",0.180,,,,
860000223,Centre hospitalier universitaire La Milétrie,2 RUE DE LA MILETRIE,86021,Poitiers,Public,3,2249,62,"2,295",0.179,0.698,0.059,0.11,0.02
620003350,Polyclinique Riaumont de Liévin,RUE D'ENTRE DEUX MONTS,62800,Lievin,Public,1,908,0,906,0.179,0.864,0.070,0.15,0.03
670000157,Centre hospitalier de Haguenau,64 AVENUE DU PROFESSEUR RENE LERICHE,67504,Haguenau,Public,2B,1405,23,"1,423",0.179,0.701,0.078,0.12,0.04
440033819,Polyclinique de l'Atlantique,AVENUE CLAUDE BERNARD,44819,Saint-Herblain,Prive,2A,4276,58,"4,328",0.179,0.927,0.081,0.15,0.03
520000027,Centre hospitalier de Chaumont,2 RUE JEANNE D'ARC,52014,Chaumont,Public,2A,584,2,585,0.178,0.574,0.100,0.17,0.05
330780503,Polyclinique Saint-Martin,ALLEE DES TULIPES,33608,Pessac,Prive,1,152,0,152,0.178,0.848,0.104,0.15,0.07
610000069,Centre hospitalier d'Argentan,47 RUE ARISTIDE BRIAND,61202,Argentan,Public,1,648,7,653,0.178,0.715,0.155,0.33,0.05
150000040,Centre hospitalier Henri-Mondor,50 AVENUE DE LA REPUBLIQUE,15002,Aurillac,Public,2A,774,9,782,0.178,0.813,0.187,0.34,0.06
590001004,Centre hospitalier Douai-Dechy,ROUTE DE CAMBRAI,59187,Dechy,Public,2A,1618,27,"1,645",0.178,0.751,0.198,0.36,0.11
970202321,Clinique Sainte-Marie,ROUTE DE CLUNY,97233,Schoelcher,Prive,1,432,5,434,0.177,0.664,0.137,0.25,0.06
540000155,Centre hospitalier de Luneville,6 RUE GIRARDET,54301,Luneville,Public,1,583,4,586,0.177,0.564,0.139,0.26,0.06
570000646,Hôpital clinique Claude-Bernard,97 RUE CLAUDE BERNARD,57072,Metz,Prive,2B,1847,19,"1,855",0.177,0.855,0.213,0.39,0.10
230000820,Centre hospitalier Guéret,39 AVENUE DE LA SENATORERIE,23011,Gueret,Public,2A,546,5,548,0.177,0.851,0.217,0.40,0.09
90000175,Centre hospitalier intercommunal du Val d'Ariège,CHEMIN DE BARRAU,9000,Foix,Public,2A,953,12,962,0.177,,,,
690782834,Clinique du Tonkin,26 RUE DU TONKIN,69626,Villeurbanne,Prive,1,879,4,880,0.176,0.854,0.046,0.08,0.02
690000013,Centre hospitalier Montgelas,9 AVENUE PROFESSEUR FLEMING,69700,Givors,Public,1,1048,4,"1,042",0.176,0.559,0.084,0.15,0.04
380000406,Centre hospitalier de Voiron,14 ROUTE DES GORGES,38506,Voiron,Public,2A,1340,15,"1,343",0.176,0.686,0.096,0.20,0.04
220000095,Centre hospitalier Dinan,56 RUE CHATEAUBRIAND,22101,Dinan,Public,2A,712,6,715,0.176,0.827,0.312,0.50,0.20
340000033,Centre hospitalier Béziers,2 RUE VALENTIN HAUY,34525,Béziers,Public,2A,1333,35,"1,363",0.175,0.668,0.044,0.09,0.01
590000469,Centre hospitalier Fourmies,RUE DE L HOPITAL,59611,Fourmies,Public,1,600,7,601,0.175,0.665,0.129,0.28,0.06
880000062,Centre hospitalier de Remiremont,1 RUE GEORGES LANG,88204,Remiremont,Public,2A,757,5,759,0.175,0.676,0.184,0.27,0.12
640017646,Centre hospitalier de Saint-Palais,AVENUE FREDERIC DE SAINT-JAYME,64120,Saint-Palais,Public,1,282,0,281,0.174,0.629,,,
260000120,Hôpitaux Drôme-Nord Romans-sur-Isère,607 AVENUE GENEVIEVE DE GAULLE,26102,Romans-sur-Isere,Public,2A,1087,11,"1,091",0.173,0.632,0.075,0.16,0.03
970302055,Clinique Véronique,1453 ROUTE DE BADUEL,97300,Cayenne,Prive,1,299,2,301,0.173,,0.096,,
630000446,Centre hospitalier de Thiers,ROUTE DE FAU,63307,Thiers,Public,1,426,2,428,0.173,0.562,0.113,0.23,0.02
810000562,Centre hospitalier de Lavaur,1 PLACE VIALAS,81500,Lavaur,Public,1,629,4,631,0.173,0.739,0.126,0.24,0.05
180000010,Centre hospitalier Bourges Jacques-Cœur,145 AVENUE F MITTERAND,18020,Bourges,Public,2B,1304,23,"1,317",0.173,0.811,0.138,0.24,0.06
920300043,Hôpital privé d'Antony,1 RUE VELPEAU,92160,Antony,Prive,2A,3715,42,"3,740",0.173,0.926,0.212,0.36,0.10
420000234,Centre hospitalier de Firminy,2 RUE ROBERT PLOTON,42700,Firminy,Public,1,1225,10,"1,235",0.172,0.754,0.092,0.16,0.05
180000283,Centre hospitalier Saint-Amand-Montrond,44 AVENUE JEAN JAURES,18200,Saint-Amand-Montrond,Public,1,318,3,319,0.172,0.841,0.227,0.41,0.10
270000367,Centre hospitalier Gisors,ROUTE DE ROUEN,27140,Gisors,Public,1,499,3,501,0.172,0.764,0.231,0.43,0.09
380000174,Centre hospitalier Lucien-Hussel,MONT SALOMON,38209,Vienne,Public,2A,1654,31,"1,673",0.172,0.795,,,
2B0000012,Centre hospitalier de Bastia,,20604,Bastia,Public,2B,992,23,"1,013",0.172,,,,
210987558,Hôpital Le Bocage centre hospitalier universitaire Dijon,1 BOULEVARD JEANNE D ARC,21079,Dijon,Public,3,2994,93,"3,072",0.171,0.841,0.065,0.11,0.03
500000187,Centre hospitalier public du Cotentin (site Cherbourg),46 RUE DU VAL DE SAIRE,50102,Cherbourg-en-Cotentin,Public,3,1776,43,"1,811",0.171,0.866,0.105,0.19,0.04
410000020,Centre hospitalier Blois Simone-Veil,MAIL PIERRE CHARLOT,41016,Blois,Public,2B,1510,21,"1,521",0.171,0.650,0.243,0.40,0.14
750000523,Groupement hospitalier Paris Saint-Joseph,185 RUE RAYMOND LOSSERAND,75674,Paris,Public,2B,3450,41,"3,482",0.171,0.930,0.289,0.42,0.13
20000394,Centre hospitalier Laon,33 RUE MARCELIN BERTHELOT,2001,Laon,Public,2B,892,12,894,0.170,0.404,0.139,0.28,0.05
760000463,Centre hospitalier Les Feugrais CHI Elbeuf,,76503,Elbeuf,Public,2A,1588,29,"1,613",0.170,0.818,0.167,0.31,0.08
730000247,Centre hospitalier de Bourg-Saint-Maurice,AVENUE DU NANTET,73704,Bourg-Saint-Maurice,Public,1,236,0,235,0.170,0.759,0.174,0.25,0.08
680001195,Hôpital Albert-Schweitzer,201 AVENUE D'ALSACE,68003,Colmar,Public,1,794,3,794,0.170,0.578,0.179,0.32,0.07
640015921,Centre hospitalier d'Oloron (site de Saint-Pée),2 RUE DU PONT DE GOUAT,64403,Oloron-Sainte-Marie,Public,1,136,0,135,0.170,0.804,0.321,0.48,0.16
970300083,Centre hospitalier Franck-Joly,BOULEVARD GENERAL DE GAULLE,97320,Saint-Laurent-du-Maroni,Public,2B,2537,46,"2,547",0.169,,0.030,,
770000149,Centre hospitalier de Fontainebleau,55 BOULEVARD DU MARECHAL JOFFRE,77305,Fontainebleau,Public,2B,1798,45,"1,838",0.169,0.849,0.146,0.28,0.06
840000491,Centre hospitalier intercommunal (site de Pertuis),58 RUE DE CROZE,84123,Pertuis,Public,1,735,8,740,0.169,,,,
120000039,Centre hospitalier de Rodez hôpital Jacques-Puel,AVENUE DE L'HOPITAL,12027,Rodez,Public,2B,1277,21,"1,292",0.168,0.815,0.164,0.29,0.06
590000121,Centre hospitalier Seclin,RUE D'APOLDA,59113,Seclin,Public,2A,1922,26,"1,936",0.167,,0.099,,
850000175,Centre hospitalier Loire Vendée Océan (site de Challans),BOULEVARD GUERIN,85302,Challans,Public,1,719,0,714,0.167,0.706,0.190,0.36,0.09
450002613,Centre hospitalier régional Orléans hôpital de la Source,14 AVENUE DE L'HOPITAL,45067,Orleans,Public,3,4622,106,"4,696",0.167,,,,
670000165,Centre hospitalier Sainte-Catherine de Saverne,19 COTE DE SAVERNE,67703,Saverne,Public,2A,819,9,827,0.166,0.893,0.162,0.30,0.07
590000758,Centre hospitalier d'Armentières,112 RUE SADI CARNOT,59421,Armentières,Public,2A,1244,11,"1,251",0.166,,0.176,0.34,0.08
60000510,Centre hospitalier d'Antibes - Juan-les-Pins,107 AVENUE DE NICE RN7 QUA FONTONNE,6600,Antibes,Public,2A,1017,12,"1,026",0.166,,,,
160000253,Centre hospitalier d'Angoulême,ROND POINT DE GIRAC,16000,Angoulême,Public,2B,1521,33,"1,546",0.165,,0.111,0.19,0.05
630000420,Centre hospitalier Issoire Paul-Ardier,13 RUE DU DR SAUVAT,63503,Issoire,Public,1,578,5,581,0.165,0.790,0.124,0.20,0.06
290000025,Centre hospitalier intercommunal Quimper,14 AVENUE YVES THEPOT,29107,Quimper,Public,2B,2423,36,"2,443",0.165,0.868,0.163,0.28,0.08
10000024,Centre hospitalier Fleyriat,900 ROUTE DE PARIS,1012,Bourg-en-Bresse,Public,2B,2119,40,"2,152",0.165,0.803,0.222,0.37,0.12
840000392,Centre hospitalier de Carpentras,ROND POINT DE L'AMITIE,84208,Carpentras,Public,1,1168,7,"1,175",0.165,,,,
530000173,Centre hospitalier Nord-Mayenne,229 BOULEVARD PAUL LINTIER,53103,Mayenne,Public,1,744,1,740,0.164,0.792,0.168,0.27,0.09
620000349,Centre hospitalier de Saint-Omer,ROUTE DE BLENDECQUES,62505,Saint-Omer,Public,2A,1314,18,"1,327",0.164,0.870,0.258,0.44,0.13
440000016,Centre hospitalier de Saint-Nazaire,11 BOULEVARD GEORGES CHARPAK,44606,Saint-Nazaire,Public,2B,2452,29,"2,471",0.164,0.857,0.265,0.43,0.15
810000521,Hôpital du Pays d'Autan (site du Causse),6 AVENUE DE LA MONTAGNE NOIRE,81108,Castres,Public,2A,1311,17,"1,320",0.164,0.791,0.342,0.61,0.17
800000143,Centre hospitalier d'Abbeville,43 RUE DE L'ISLE,80142,Abbeville,Public,2A,1015,13,"1,022",0.163,0.739,0.261,0.45,0.16
570000349,Hôpital Bel Air de Thionville,1 RUE DE FRISCATY,57126,Thionville,Public,2B,2129,46,"2,166",0.162,0.580,0.045,0.08,0.01
740000328,Hôpitaux du Léman,3 AVENUE DE LA DAME,74203,Thonon-les-Bains,Public,2A,1488,18,"1,500",0.162,0.709,0.076,0.15,0.02
210987699,Centre hospitalier Robert-Morlevat,3 AVENUE PASTEUR,21140,Semur-en-Auxois,Public,1,435,0,433,0.162,0.683,0.127,0.26,0.02
780000329,Centre hospitalier de Rambouillet,5 RUE PIERRE ET MARIE CURIE,78514,Rambouillet,Public,2A,1513,19,"1,523",0.162,0.855,0.133,0.24,0.07
790000087,Centre hospitalier Georges-Renon - Niort,40 AVENUE CHARLES DE GAULLE,79021,Niort,Public,2B,1531,25,"1,546",0.162,0.128,0.167,0.30,0.07
830000311,Centre hospitalier intercommunal de Fréjus - Saint-Raphaël,240 AVENUE DE SAINT LAMBERT,83608,Frejus,Public,2A,1290,23,"1,311",0.162,,,,
670780113,Centre médico-chirurgical et obstétrical Schiltigheim,19 RUE LOUIS PASTEUR,67303,Schiltigheim,Public,2A,3249,41,"3,276",0.161,0.824,0.047,0.09,0.01
760780197,Clinique Les Aubépines,300 RUE DE LA PROVIDENCE,76550,Saint-Aubin-sur-Scie,Prive,1,494,3,496,0.161,0.882,0.192,0.35,0.09
20000519,Centre hospitalier Soissons,46 AVENUE DU GÉNÉRAL DE GAULLE,2209,Soissons,Public,2B,1092,12,"1,101",0.161,0.870,0.313,0.50,0.19
750803454,Centre hospitalier universitaire Robert-Debré Aphp,48 BOULEVARD SERRURIER,75019,Paris,Public,3,2939,121,"3,054",0.161,0.872,0.316,0.54,0.17
680000601,Hôpital de Thann,1 RUE SAINT JACQUES,68802,Thann,Public,1,372,2,374,0.160,0.564,0.076,0.10,0.06
550000434,Centre hospitalier de Bar-le-Duc,1 BOULEVARD D'ARGONNE,55012,Bar-le-duc,Public,2A,596,3,599,0.160,0.821,0.177,0.34,0.08
310780283,Nouvelle Clinique de l'Union,BOULEVARD DE RATALENS,31240,L'Union,Prive,2A,968,11,977,0.160,,,,
850000118,Clinique Saint-Charles,11 BOULEVARD RENE LEVESQUE,85016,La Roche-sur-Yon,Prive,1,593,2,593,0.160,0.655,,,
590046538,Centre hospitalier Dunkerque activités (site polyclinique de Grande-Synthe),AVENUE DE LA POLYCLINIQUE,59792,Grande-Synthe,Public,2A,1263,25,"1,287",0.159,,0.080,0.15,0.04
350000154,Centre hospitalier Fougères,133 RUE DE LA FORET,35305,Fougères,Public,2A,844,7,849,0.159,0.699,0.129,0.25,0.07
590000436,Centre hospitalier Le Cateau,28 BOULEVARD PATURLE,59360,Le Cateau-Cambresis,Public,1,468,2,465,0.159,0.742,0.153,0.36,0.06
330000340,Maison de santé protestante de Bordeaux-Bagatelle,201 RUE ROBESPIERRE,33401,Talence,Public,1,2557,9,"2,560",0.159,0.908,0.205,0.33,0.07
280504267,Centre hospitalier Chartres Louis-Pasteur-Le Coudray,4 RUE CLAUDE BERNARD,28630,Le Coudray,Public,2B,2635,47,"2,661",0.159,0.901,0.240,0.41,0.13
850000142,Centre hospitalier (site La Roche-sur-Yon),BOULEVARD STEPHANE MOREAU,85925,La Roche-sur-Yon,Public,2B,2446,41,"2,469",0.159,0.863,0.272,0.46,0.15
350000139,Clinique mutualiste La Sagesse Rennes,4 PLACE ST GUENOLE,35043,Rennes,Public,2A,3245,51,"3,286",0.158,0.883,0.084,0.14,0.04
700000029,Groupe hospitalier Haute-Saône (site Vesoul),2 RUE RENE HEYMES,70014,Vesoul,Public,2A,1034,18,"1,044",0.158,0.559,0.111,0.20,0.05
260000138,Groupe hospitalier Portes de Provence Montélimar,QUARTIER BEAUSSERET,26216,Montelimar,Public,2A,1646,17,"1,657",0.158,0.714,0.141,0.28,0.04
330000571,Centre hospitalier de la Haute Gironde,97 RUE DE L'HOPITAL,33394,Blaye,Public,1,450,4,446,0.157,0.848,0.122,0.23,0.05
840001861,Centre hospitalier d'Avignon Henri-Duffaut,305 RUE RAOUL FOLLEREAU,84902,Avignon,Public,2B,2951,67,"3,013",0.157,,,,
490000635,Centre hospitalier de Cholet,1 RUE MARENGO,49325,Cholet,Public,2B,2028,26,"2,043",0.156,0.668,0.331,0.55,0.18
930150032,Maternité des Lilas,12 RUE DU COQ FRANCAIS,93260,Les Lilas,Public,1,1539,6,"1,545",0.155,0.738,0.085,0.14,0.02
880000054,Centre hospitalier intercommunal l'Ouest vosgien (site Neufchâteau),1280 AVENUE DE LA DIVISION LECLERC,88307,Neufchateau,Public,1,369,1,368,0.155,0.720,0.235,0.43,0.12
380012658,Groupement hospitalier mutualiste de Grenoble,8 RUE DOCTEUR CALMETTE,38028,Grenoble,Public,1,1835,8,"1,838",0.155,0.788,,,
540001070,Centre hospitalier de Briey hôpital Maillot,31 AVENUE ALBERT DE BRIEY,54151,Briey,Public,1,905,2,901,0.154,0.629,0.089,0.17,0.03
690780358,Clinique du Val d'Ouest Vendôme,39 CHEMIN DE LA VERNIQUE,69130,Ecully,Prive,2A,2695,49,"2,737",0.154,0.949,0.117,0.19,0.05
210987657,Hospices civils de Beaune,AVENUE GUIGONE DE SALINS,21203,Beaune,Public,1,684,11,695,0.154,0.742,0.138,0.26,0.05
950000323,Groupement hospitalier Eaubonne-Montmorency Simone-Veil (site Eaubonne),14 RUE DE SAINT PRIX,95602,Eaubonne,Public,2B,2893,40,"2,927",0.154,0.939,0.145,0.24,0.07
330780537,Clinique Wallerstein,14 BOULEVARD JAVAL,33740,Arès,Public,1,361,0,358,0.154,0.888,0.158,0.23,0.10
970100012,Polyclinique de la Guadeloupe,MORNE JOLIVIERE,97139,Les Abymes,Prive,1,841,5,844,0.153,0.309,0.034,0.05,0.02
460000110,Centre hospitalier Jean-Rougier de Cahors,335 RUE PRESIDENT WILSON,46005,Cahors,Public,2A,725,11,730,0.153,,,,
160015368,Centre hospitalier intercommunal du Pays de Cognac,65 AVENUE D ANGOULEME,16112,Cognac,Public,1,606,0,606,0.152,0.667,0.138,0.24,0.05
130002827,Centre hospitalier Joseph-Imbert d'Arles,QUARTIER FOURCHON,13637,Arles,Public,1,956,5,958,0.152,,,,
70000013,Centre hospitalier des Vals d'Ardèche,2 AVENUE PASTEUR,7007,Privas,Public,1,191,1,192,0.151,0.650,0.104,0.19,0.05
550000012,Centre hospitalier Verdun Saint-Mihiel (Hôpital Saint-Nicolas),2 RUE D'ANTHOUARD,55107,Verdun,Public,2A,810,13,820,0.151,0.717,0.125,0.23,0.06
250000700,Centre hospitalier intercommunal Rives du Doubs (Pontarlier),2 FAUBOURG SAINT ETIENNE,25304,Pontarlier,Public,2A,1165,9,"1,166",0.151,0.708,,,
970211256,Centre hospitalier universitaire de Martinique (site Mère enfant),RUE DU COUP DE MAIN,97261,Fort-de-France,Public,3,2017,46,"2,056",0.150,0.661,0.090,0.18,0.03
920000577,Centre hospitalier de Nanterre,403 AVENUE DE LA REPUBLIQUE,92014,Nanterre,Public,1,1306,10,"1,305",0.149,0.770,0.029,0.06,0.01
390000222,Centre hospitalier Louis-Pasteur Dole,AVENUE LEON JOUHAUX,39108,Dole,Public,2A,886,21,906,0.149,0.751,0.042,0.09,0.01
600000186,Centre hospitalier Clermont,RUE FRÉDÉRIC RABOISSON,60600,Clermont,Public,1,329,1,328,0.149,0.606,0.179,0.41,0.07
310026083,Clinique Saint-Cyprien Rive gauche,49 ALLEE CHARLES DE FITTE,31300,Toulouse,Prive,2A,3524,41,"3,547",0.149,0.879,0.201,0.34,0.09
670000272,Centre hospitalier intercommunal de La Lauter,24 ROUTE DE WEILER,67166,Wissembourg,Public,1,315,4,318,0.148,0.454,0.096,0.15,0.05
120000054,Centre hospitalier Villefranche-de-Rouergue,AVENUE CAYLET,12200,Villefranche-de-Rouergue,Public,1,494,1,493,0.148,0.717,0.121,0.26,0.04
730000080,Centre hospitalier de Saint-Jean-de-Maurienne,81 RUE DU DOCTEUR GRANGE,73300,Saint-Jean-de-Maurienne,Public,1,267,0,266,0.147,0.718,0.079,0.17,0.02
440000396,Centre hospitalier Ancenis,160 RUE DU VERGER,44156,Ancenis,Public,1,595,0,590,0.147,0.525,0.115,0.25,0.05
710010067,Centre hospitalier de Paray-le-Monial Les Charmes,BOULEVARD DES CHARMES,71604,Paray-le-Monial,Public,1,591,3,594,0.146,0.744,0.132,0.24,0.06
370000531,Centre hospitalier du Chinonais,28 ROUTE DEPARTEMENTALE 751,37500,Saint-Benoit-la-Foret,Public,1,560,0,553,0.145,0.632,0.163,0.32,0.04
530000017,Centre hospitalier du Haut Anjou,1 QUAI G LEFEVRE,53204,Château-Gontier,Public,1,758,5,758,0.145,0.744,0.248,0.44,0.14
690805361,Centre hospitalier Saint-Joseph - Saint-Luc,20 QUAI CLAUDE BERNARD,69365,Lyon,Public,1,2118,14,"2,125",0.145,0.857,0.301,0.49,0.12
500000450,Centre hospitalier Mémorial Saint-Lo,715 RUE DUNANT,50009,Saint-Lo,Public,2A,1476,8,"1,479",0.144,0.800,0.116,0.21,0.06
590797353,Hôpital Saint-Vincent - Saint-Antoine,51 BOULEVARD DE BELFORT,59020,Lille,Public,2B,1983,24,"1,999",0.144,,0.183,0.37,0.07
400000139,Centre hospitalier de Mont-de-Marsan,AVENUE PIERRE DE COUBERTIN,40024,Mont-de-Marsan,Public,2B,1225,28,"1,250",0.144,0.880,0.273,0.47,0.14
390000065,Centre hospitalier Louis-Jaillon - Saint-Claude,2 MONTEE DE L'HOPITAL,39206,Saint-Claude,Public,1,342,0,342,0.143,0.642,0.253,0.47,0.11
590804696,Hôpital Guy-Chatiliez centre hospitalier Tourcoing,155 RUE DU PRESIDENT COTY,59208,Tourcoing,Public,2A,1773,28,"1,793",0.143,,,,
830000279,Centre hospitalier Jean-Marcel de Brignoles,BOULEVARD JOSEPH MONNIER,83175,Brignoles,Public,1,715,4,715,0.143,,,,
600100754,Polyclinique Saint-Côme Compiègne,7 RUE JEAN-JACQUES BERNARD,60204,Compiègne,Prive,1,1325,11,"1,331",0.142,0.767,0.072,0.13,0.03
60000478,Centre hospitalier de Grasse,CHEMIN DE CLAVARY,6135,Grasse,Public,2B,1710,28,"1,734",0.142,,,,
590000774,Centre hospitalier Hazebrouck,1 RUE DE L'HOPITAL,59524,Hazebrouck,Public,1,829,12,837,0.142,,,,
250006954,Centre hospitalier régional universitaire Jean-Minjoz,3 BOULEVARD FLEMING,25030,Besancon,Public,3,2671,85,"2,745",0.141,0.810,0.003,0.007,0.001
330780263,Polyclinique Bordeaux Rive droite,24 RUE DES CAVAILLES,33310,Lormont,Prive,1,1513,8,"1,515",0.140,0.783,0.183,0.33,0.07
440029338,Clinique mutualiste Jules-Verne,2 ROUTE DE PARIS,44314,Nantes,Public,2A,3305,35,"3,318",0.139,0.803,0.090,0.16,0.04
310781067,Hôpital Joseph-Ducuing,15 RUE DE VARSOVIE,31076,Toulouse,Public,1,2426,14,"2,427",0.139,0.894,0.125,0.19,0.05
120004668,Centre hospitalier de Saint-Affrique,88 AVENUE DR LUCIEN GALTIER,12402,Saint-Affrique,Public,1,239,1,239,0.138,0.665,0.228,0.38,0.12
670000397,Centre hospitalier de Sélestat,23 AVENUE LOUIS PASTEUR,67606,Selestat,Public,1,975,8,975,0.137,0.656,0.086,0.14,0.04
410004998,Clinique du Saint-Cœur,10 RUE HONORE DE BALZAC,41100,Vendôme,Prive,1,554,4,556,0.137,0.571,0.125,0.25,0.05
710978289,Centre hospitalier Les Chanaux Mâcon,350 BOULEVARD LOUIS ESCANDE,71000,Macon,Public,2B,1538,25,"1,557",0.134,0.811,0.046,0.08,0.02
860000025,Groupe hospitalier Nord-Vienne (site de Châtellerault),1 RUE DU DOCTEUR LUC MONTAGNIER,86106,Châtellerault,Public,1,988,9,994,0.133,0.831,0.111,0.19,0.06
530000264,Centre hospitalier de Laval,33 RUE DU HAUT ROCHER,53015,Laval,Public,2A,1322,26,"1,335",0.132,0.782,0.153,0.24,0.11
760000182,Centre hospitalier du Belvédère Mont-Saint-Aignan,72 RUE LOUIS PASTEUR,76131,Mont-Saint-Aignan,Public,2A,3305,37,"3,320",0.131,0.825,0.267,0.45,0.12
790000095,Site hospitalier de Bressuire,RUE DU DOCTEUR ICHON,79302,Bressuire,Public,2A,847,8,849,0.130,0.599,0.188,0.38,0.09
360000160,Centre hospitalier du Blanc,5 RUE PIERRE MILON,36300,Le Blanc,Public,1,297,1,295,0.129,0.685,0.167,0.27,0.07
620025346,Polyclinique de Divion,RUE DU DOCTEUR LEGAY,62460,Divion,Public,1,954,8,957,0.127,0.765,0.323,0.50,0.21
970107249,Clinique Les Eaux claires, Moudong Sud. Baie Mahault 97122. Guadeloupe,97122,Baie-Mahault,Prive,1,1004,1,"1,005",0.126,0.632,0.043,0.08,0.02
300000031,Centre hospitalier Louis-Pasteur,AVENUE ALPHONSE DAUDET,30205,Bagnols-sur-Ceze,Public,2A,941,10,949,0.125,0.707,0.164,0.27,0.09
640000162,Centre hospitalier de la Côte basque Bayonne,13 AVENUE DE L'INTERNE JACQUES LOEB,64109,Bayonne,Public,3,2249,60,"2,297",0.124,0.881,0.116,0.19,0.04
90000365,Hopital Nord-Franche-Comté,100 ROUTE DE MOVAL,90400,Trevenans,Public,2B,3537,46,"3,560",0.123,0.671,0.027,0.06,0.01
390000040,Centre hospitalier Lons,55 RUE DR JEAN MICHEL,39016,Lons-le-Saunier,Public,2B,1060,17,"1,068",0.119,0.613,0.046,0.09,0.01
90000183,Centre hospitalier Ariège Couserans,,9190,Saint-Lizier,Public,1,218,0,215,0.116,0.589,0.153,0.31,0.05
420780637,Hôpital du Gier,19 RUE VICTOR HUGO,42403,Saint-Chamond,Public,1,747,8,754,0.115,0.834,0.186,0.35,0.09
880000047,Centre hospitalier de Saint-Die,26 RUE DU NOUVEL HOPITAL,88187,Saint-Die-des-Vosges,Public,1,574,8,581,0.112,0.610,0.064,0.11,0.03
30000079,Centre hospitalier de Montluçon,18 AVENUE DU 8 MAI 1945,3109,Montlucon,Public,2B,1079,18,"1,089",0.109,0.835,,,
350000162,Centre hospitalier intercommunal (site Redon),8 AVENUE ETIENNE GASCON,35603,Redon,Public,1,588,4,589,0.092,0.492,0.095,0.16,0.06
890975527,Centre hospitalier d'Auxerre,2 BOULEVARD DE VERDUN,89011,Auxerre,Public,2B,1947,35,"1,982",0.089,0.834,0.105,0.17,0.06
540000023,Centre hospitalier Saint-Charles Toul,1 COURS RAYMOND POINCARE,54201,Toul,Public,1,583,9,587,0.072,0.661,0.215,0.38,0.10
,Maison de naissance Doumaia ,10 Avenue de la Montagne Noire. 81100 Castres,81100,Castres,Associatif,,,,33,0.000,0.000,0.000,0.00,0.00
,Maison de naissance Le Temps de naître, Moudong Sud. Baie Mahault 97122. Guadeloupe,97122,Baie-Mahault,Associatif,,,,32,0.000,0.000,0.000,0.000,0.000
,Maison de naissance Joie de naître (Manao),38 Rue Labourdonnais. Réunion,97410,Saint-Paul,Associatif,,,,42,0.000,0.000,0.000,0.000,0.000
,Maison de naissance Premières Heures au monde ,30 avenue du médipole 38300 Bourgoin Jallieu,38300,Bourgoin-Jallieu,Associatif,,,,52,0.000,0.000,0.000,0.000,0.000
,Maison de naissance Un Nid pour naître ,6 Avenue Dr Heydenreich. 54000 Nancy,54000,Nancy,Associatif,,,,82,0.000,0.000,0.000,0.000,0.000
,Maison de naissance Alsace (Manala) ,23 Avenue Louis Pasteur. 67606 Sélestat,67606,Sélestat,Associatif,,,,66,0.000,0.000,0.0303,0.0303,0.0303
,Maison de naissance La Maison ,8 Rue Dr Calmette. 38000 Grenoble,38000,Grenoble,Associatif,,,,61,0.000,0.000,0.033,0.037,0.0294
,Maison de naissance Comme à la maison (CALM), 6 Rue Lasson.  Paris,75012,Paris,Associatif,,,,,0.000,0.000,0.08,0.08,0.08
,,,,,,,,,,,,,,
,,,,,,,,,,,,,,
,,,,,,,,,,,,,,
,,,,,,,,,,,,,,
,,,,,,,,,,,,,,
,,,,,,,,,,,,,,
,,,,,,,,,,,,,,
,,,,,,,,,,,,,,
,,,,,,,,,,,,,,
,,,,,,,,,,,,,,
,,,,,,,,,,,,,,
,,,,,,,,,,,,,,
,,,,,,,,,,,,,,
,,,,,,,,,,,,,,
,,,,,,,,,,,,,,
,,,,,,,,,,,,,,
,,,,,,,,,,,,,,
,,,,,,,,,,,,,,
,,,,,,,,,,,,,,
,,,,,,,,,,,,,,
,,,,,,,,,,,,,,
,,,,,,,,,,,,,,
,,,,,,,,,,,,,,
,,,,,,,,,,,,,,
,,,,,,,,,,,,,,
,,,,,,,,,,,,,,
,,,,,,,,,,,,,,
,,,,,,,,,,,,,,
,,,,,,,,,,,,,,
,,,,,,,,,,,,,,
,,,,,,,,,,,,,,
,,,,,,,,,,,,,,
,,,,,,,,,,,,,,
,,,,,,,,,,,,,,
,,,,,,,,,,,,,,
,,,,,,,,,,,,,,
,,,,,,,,,,,,,,
,,,,,,,,,,,,,,
,,,,,,,,,,,,,,
,,,,,,,,,,,,,,
,,,,,,,,,,,,,,
,,,,,,,,,,,,,,
,,,,,,,,,,,,,,
,,,,,,,,,,,,,,
,,,,,,,,,,,,,,
,,,,,,,,,,,,,,
,,,,,,,,,,,,,,
,,,,,,,,,,,,,,
,,,,,,,,,,,,,,
,,,,,,,,,,,,,,
,,,,,,,,,,,,,,
,,,,,,,,,,,,,,
,,,,,,,,,,,,,,
,,,,,,,,,,,,,,
,,,,,,,,,,,,,,
,,,,,,,,,,,,,,
,,,,,,,,,,,,,,
,,,,,,,,,,,,,,
,,,,,,,,,,,,,,
,,,,,,,,,,,,,,
,,,,,,,,,,,,,,
,,,,,,,,,,,,,,
,,,,,,,,,,,,,,
,,,,,,,,,,,,,,
,,,,,,,,,,,,,,
,,,,,,,,,,,,,,
,,,,,,,,,,,,,,
,,,,,,,,,,,,,,
,,,,,,,,,,,,,,
,,,,,,,,,,,,,,
,,,,,,,,,,,,,,
,,,,,,,,,,,,,,
,,,,,,,,,,,,,,
,,,,,,,,,,,,,,
,,,,,,,,,,,,,,
,,,,,,,,,,,,,,
,,,,,,,,,,,,,,
,,,,,,,,,,,,,,
,,,,,,,,,,,,,,
,,,,,,,,,,,,,,
,,,,,,,,,,,,,,
,,,,,,,,,,,,,,
,,,,,,,,,,91.00,,,,